2026-08-24T10:00:00 INFO service-0 request-id=0 status=ok
2026-08-24T10:00:01 INFO service-1 request-id=1 status=ok
2026-08-24T10:00:02 ERROR service-2 request-id=2 status=failed
2026-08-24T10:00:03 WARN service-3 request-id=3 status=ok
2026-08-24T10:00:04 WARN service-4 request-id=4 status=ok
2026-08-24T10:00:05 WARN service-5 request-id=5 status=ok
2026-08-24T10:00:06 INFO service-6 request-id=6 status=ok
2026-08-24T10:00:07 INFO service-0 request-id=7 status=ok
2026-08-24T10:00:08 DEBUG service-1 request-id=8 status=ok
2026-08-24T10:00:09 INFO service-2 request-id=9 status=ok
2026-08-24T10:00:10 INFO service-3 request-id=10 status=ok
2026-08-24T10:00:11 INFO service-4 request-id=11 status=ok
2026-08-24T10:00:12 WARN service-5 request-id=12 status=ok
2026-08-24T10:00:13 WARN service-6 request-id=13 status=ok
2026-08-24T10:00:14 INFO service-0 request-id=14 status=ok
2026-08-24T10:00:15 WARN service-1 request-id=15 status=ok
2026-08-24T10:00:16 DEBUG service-2 request-id=16 status=ok
2026-08-24T10:00:17 WARN service-3 request-id=17 status=ok
2026-08-24T10:00:18 DEBUG service-4 request-id=18 status=ok
2026-08-24T10:00:19 ERROR service-5 request-id=19 status=failed
2026-08-24T10:00:20 INFO service-6 request-id=20 status=ok
2026-08-24T10:00:21 WARN service-0 request-id=21 status=ok
2026-08-24T10:00:22 DEBUG service-1 request-id=22 status=ok
2026-08-24T10:00:23 ERROR service-2 request-id=23 status=failed
2026-08-24T10:00:24 ERROR service-3 request-id=24 status=failed
2026-08-24T10:00:25 WARN service-4 request-id=25 status=ok
2026-08-24T10:00:26 WARN service-5 request-id=26 status=ok
2026-08-24T10:00:27 ERROR service-6 request-id=27 status=failed
2026-08-24T10:00:28 INFO service-0 request-id=28 status=ok
2026-08-24T10:00:29 INFO service-1 request-id=29 status=ok
2026-08-24T10:00:30 DEBUG service-2 request-id=30 status=ok
2026-08-24T10:00:31 INFO service-3 request-id=31 status=ok
2026-08-24T10:00:32 ERROR service-4 request-id=32 status=failed
2026-08-24T10:00:33 ERROR service-5 request-id=33 status=failed
2026-08-24T10:00:34 ERROR service-6 request-id=34 status=failed
2026-08-24T10:00:35 INFO service-0 request-id=35 status=ok
2026-08-24T10:00:36 DEBUG service-1 request-id=36 status=ok
2026-08-24T10:00:37 INFO service-2 request-id=37 status=ok
2026-08-24T10:00:38 DEBUG service-3 request-id=38 status=ok
2026-08-24T10:00:39 INFO service-4 request-id=39 status=ok
2026-08-24T10:00:40 ERROR service-5 request-id=40 status=failed
2026-08-24T10:00:41 ERROR service-6 request-id=41 status=failed
2026-08-24T10:00:42 WARN service-0 request-id=42 status=ok
2026-08-24T10:00:43 INFO service-1 request-id=43 status=ok
2026-08-24T10:00:44 INFO service-2 request-id=44 status=ok
2026-08-24T10:00:45 WARN service-3 request-id=45 status=ok
2026-08-24T10:00:46 ERROR service-4 request-id=46 status=failed
2026-08-24T10:00:47 INFO service-5 request-id=47 status=ok
2026-08-24T10:00:48 WARN service-6 request-id=48 status=ok
2026-08-24T10:00:49 INFO service-0 request-id=49 status=ok
2026-08-24T10:00:50 DEBUG service-1 request-id=50 status=ok
2026-08-24T10:00:51 ERROR service-2 request-id=51 status=failed
2026-08-24T10:00:52 DEBUG service-3 request-id=52 status=ok
2026-08-24T10:00:53 ERROR service-4 request-id=53 status=failed
2026-08-24T10:00:54 WARN service-5 request-id=54 status=ok
2026-08-24T10:00:55 ERROR service-6 request-id=55 status=failed
2026-08-24T10:00:56 ERROR service-0 request-id=56 status=failed
2026-08-24T10:00:57 WARN service-1 request-id=57 status=ok
2026-08-24T10:00:58 ERROR service-2 request-id=58 status=failed
2026-08-24T10:00:59 INFO service-3 request-id=59 status=ok
2026-08-24T10:01:00 WARN service-4 request-id=60 status=ok
2026-08-24T10:01:01 WARN service-5 request-id=61 status=ok
2026-08-24T10:01:02 WARN service-6 request-id=62 status=ok
2026-08-24T10:01:03 DEBUG service-0 request-id=63 status=ok
2026-08-24T10:01:04 DEBUG service-1 request-id=64 status=ok
2026-08-24T10:01:05 ERROR service-2 request-id=65 status=failed
2026-08-24T10:01:06 WARN service-3 request-id=66 status=ok
2026-08-24T10:01:07 ERROR service-4 request-id=67 status=failed
2026-08-24T10:01:08 INFO service-5 request-id=68 status=ok
2026-08-24T10:01:09 WARN service-6 request-id=69 status=ok
2026-08-24T10:01:10 INFO service-0 request-id=70 status=ok
2026-08-24T10:01:11 ERROR service-1 request-id=71 status=failed
2026-08-24T10:01:12 DEBUG service-2 request-id=72 status=ok
2026-08-24T10:01:13 ERROR service-3 request-id=73 status=failed
2026-08-24T10:01:14 INFO service-4 request-id=74 status=ok
2026-08-24T10:01:15 WARN service-5 request-id=75 status=ok
2026-08-24T10:01:16 ERROR service-6 request-id=76 status=failed
2026-08-24T10:01:17 WARN service-0 request-id=77 status=ok
2026-08-24T10:01:18 DEBUG service-1 request-id=78 status=ok
2026-08-24T10:01:19 DEBUG service-2 request-id=79 status=ok
2026-08-24T10:01:20 DEBUG service-3 request-id=80 status=ok
2026-08-24T10:01:21 WARN service-4 request-id=81 status=ok
2026-08-24T10:01:22 ERROR service-5 request-id=82 status=failed
2026-08-24T10:01:23 WARN service-6 request-id=83 status=ok
2026-08-24T10:01:24 WARN service-0 request-id=84 status=ok
2026-08-24T10:01:25 ERROR service-1 request-id=85 status=failed
2026-08-24T10:01:26 DEBUG service-2 request-id=86 status=ok
2026-08-24T10:01:27 DEBUG service-3 request-id=87 status=ok
2026-08-24T10:01:28 ERROR service-4 request-id=88 status=failed
2026-08-24T10:01:29 WARN service-5 request-id=89 status=ok
2026-08-24T10:01:30 WARN service-6 request-id=90 status=ok
2026-08-24T10:01:31 DEBUG service-0 request-id=91 status=ok
2026-08-24T10:01:32 INFO service-1 request-id=92 status=ok
2026-08-24T10:01:33 INFO service-2 request-id=93 status=ok
2026-08-24T10:01:34 INFO service-3 request-id=94 status=ok
2026-08-24T10:01:35 WARN service-4 request-id=95 status=ok
2026-08-24T10:01:36 WARN service-5 request-id=96 status=ok
2026-08-24T10:01:37 DEBUG service-6 request-id=97 status=ok
2026-08-24T10:01:38 INFO service-0 request-id=98 status=ok
2026-08-24T10:01:39 DEBUG service-1 request-id=99 status=ok
2026-08-24T10:01:40 DEBUG service-2 request-id=100 status=ok
2026-08-24T10:01:41 DEBUG service-3 request-id=101 status=ok
2026-08-24T10:01:42 ERROR service-4 request-id=102 status=failed
2026-08-24T10:01:43 INFO service-5 request-id=103 status=ok
2026-08-24T10:01:44 INFO service-6 request-id=104 status=ok
2026-08-24T10:01:45 ERROR service-0 request-id=105 status=failed
2026-08-24T10:01:46 ERROR service-1 request-id=106 status=failed
2026-08-24T10:01:47 INFO service-2 request-id=107 status=ok
2026-08-24T10:01:48 ERROR service-3 request-id=108 status=failed
2026-08-24T10:01:49 DEBUG service-4 request-id=109 status=ok
2026-08-24T10:01:50 WARN service-5 request-id=110 status=ok
2026-08-24T10:01:51 DEBUG service-6 request-id=111 status=ok
2026-08-24T10:01:52 INFO service-0 request-id=112 status=ok
2026-08-24T10:01:53 ERROR service-1 request-id=113 status=failed
2026-08-24T10:01:54 WARN service-2 request-id=114 status=ok
2026-08-24T10:01:55 INFO service-3 request-id=115 status=ok
2026-08-24T10:01:56 ERROR service-4 request-id=116 status=failed
2026-08-24T10:01:57 WARN service-5 request-id=117 status=ok
2026-08-24T10:01:58 WARN service-6 request-id=118 status=ok
2026-08-24T10:01:59 ERROR service-0 request-id=119 status=failed
2026-08-24T10:02:00 WARN service-1 request-id=120 status=ok
2026-08-24T10:02:01 INFO service-2 request-id=121 status=ok
2026-08-24T10:02:02 ERROR service-3 request-id=122 status=failed
2026-08-24T10:02:03 DEBUG service-4 request-id=123 status=ok
2026-08-24T10:02:04 INFO service-5 request-id=124 status=ok
2026-08-24T10:02:05 INFO service-6 request-id=125 status=ok
2026-08-24T10:02:06 ERROR service-0 request-id=126 status=failed
2026-08-24T10:02:07 ERROR service-1 request-id=127 status=failed
2026-08-24T10:02:08 WARN service-2 request-id=128 status=ok
2026-08-24T10:02:09 INFO service-3 request-id=129 status=ok
2026-08-24T10:02:10 WARN service-4 request-id=130 status=ok
2026-08-24T10:02:11 INFO service-5 request-id=131 status=ok
2026-08-24T10:02:12 INFO service-6 request-id=132 status=ok
2026-08-24T10:02:13 DEBUG service-0 request-id=133 status=ok
2026-08-24T10:02:14 INFO service-1 request-id=134 status=ok
2026-08-24T10:02:15 WARN service-2 request-id=135 status=ok
2026-08-24T10:02:16 WARN service-3 request-id=136 status=ok
2026-08-24T10:02:17 DEBUG service-4 request-id=137 status=ok
2026-08-24T10:02:18 WARN service-5 request-id=138 status=ok
2026-08-24T10:02:19 ERROR service-6 request-id=139 status=failed
2026-08-24T10:02:20 DEBUG service-0 request-id=140 status=ok
2026-08-24T10:02:21 WARN service-1 request-id=141 status=ok
2026-08-24T10:02:22 WARN service-2 request-id=142 status=ok
2026-08-24T10:02:23 ERROR service-3 request-id=143 status=failed
2026-08-24T10:02:24 DEBUG service-4 request-id=144 status=ok
2026-08-24T10:02:25 ERROR service-5 request-id=145 status=failed
2026-08-24T10:02:26 DEBUG service-6 request-id=146 status=ok
2026-08-24T10:02:27 DEBUG service-0 request-id=147 status=ok
2026-08-24T10:02:28 INFO service-1 request-id=148 status=ok
2026-08-24T10:02:29 WARN service-2 request-id=149 status=ok
2026-08-24T10:02:30 WARN service-3 request-id=150 status=ok
2026-08-24T10:02:31 INFO service-4 request-id=151 status=ok
2026-08-24T10:02:32 ERROR service-5 request-id=152 status=failed
2026-08-24T10:02:33 INFO service-6 request-id=153 status=ok
2026-08-24T10:02:34 WARN service-0 request-id=154 status=ok
2026-08-24T10:02:35 WARN service-1 request-id=155 status=ok
2026-08-24T10:02:36 INFO service-2 request-id=156 status=ok
2026-08-24T10:02:37 INFO service-3 request-id=157 status=ok
2026-08-24T10:02:38 INFO service-4 request-id=158 status=ok
2026-08-24T10:02:39 WARN service-5 request-id=159 status=ok
2026-08-24T10:02:40 INFO service-6 request-id=160 status=ok
2026-08-24T10:02:41 INFO service-0 request-id=161 status=ok
2026-08-24T10:02:42 ERROR service-1 request-id=162 status=failed
2026-08-24T10:02:43 INFO service-2 request-id=163 status=ok
2026-08-24T10:02:44 WARN service-3 request-id=164 status=ok
2026-08-24T10:02:45 ERROR service-4 request-id=165 status=failed
2026-08-24T10:02:46 DEBUG service-5 request-id=166 status=ok
2026-08-24T10:02:47 WARN service-6 request-id=167 status=ok
2026-08-24T10:02:48 WARN service-0 request-id=168 status=ok
2026-08-24T10:02:49 DEBUG service-1 request-id=169 status=ok
2026-08-24T10:02:50 WARN service-2 request-id=170 status=ok
2026-08-24T10:02:51 DEBUG service-3 request-id=171 status=ok
2026-08-24T10:02:52 DEBUG service-4 request-id=172 status=ok
2026-08-24T10:02:53 WARN service-5 request-id=173 status=ok
2026-08-24T10:02:54 INFO service-6 request-id=174 status=ok
2026-08-24T10:02:55 INFO service-0 request-id=175 status=ok
2026-08-24T10:02:56 DEBUG service-1 request-id=176 status=ok
2026-08-24T10:02:57 ERROR service-2 request-id=177 status=failed
2026-08-24T10:02:58 DEBUG service-3 request-id=178 status=ok
2026-08-24T10:02:59 DEBUG service-4 request-id=179 status=ok
2026-08-24T10:03:00 DEBUG service-5 request-id=180 status=ok
2026-08-24T10:03:01 INFO service-6 request-id=181 status=ok
2026-08-24T10:03:02 INFO service-0 request-id=182 status=ok
2026-08-24T10:03:03 INFO service-1 request-id=183 status=ok
2026-08-24T10:03:04 DEBUG service-2 request-id=184 status=ok
2026-08-24T10:03:05 ERROR service-3 request-id=185 status=failed
2026-08-24T10:03:06 INFO service-4 request-id=186 status=ok
2026-08-24T10:03:07 WARN service-5 request-id=187 status=ok
2026-08-24T10:03:08 WARN service-6 request-id=188 status=ok
2026-08-24T10:03:09 WARN service-0 request-id=189 status=ok
2026-08-24T10:03:10 DEBUG service-1 request-id=190 status=ok
2026-08-24T10:03:11 WARN service-2 request-id=191 status=ok
2026-08-24T10:03:12 DEBUG service-3 request-id=192 status=ok
2026-08-24T10:03:13 WARN service-4 request-id=193 status=ok
2026-08-24T10:03:14 ERROR service-5 request-id=194 status=failed
2026-08-24T10:03:15 DEBUG service-6 request-id=195 status=ok
2026-08-24T10:03:16 WARN service-0 request-id=196 status=ok
2026-08-24T10:03:17 INFO service-1 request-id=197 status=ok
2026-08-24T10:03:18 DEBUG service-2 request-id=198 status=ok
2026-08-24T10:03:19 INFO service-3 request-id=199 status=ok
2026-08-24T10:03:20 INFO service-4 request-id=200 status=ok
2026-08-24T10:03:21 INFO service-5 request-id=201 status=ok
2026-08-24T10:03:22 INFO service-6 request-id=202 status=ok
2026-08-24T10:03:23 WARN service-0 request-id=203 status=ok
2026-08-24T10:03:24 WARN service-1 request-id=204 status=ok
2026-08-24T10:03:25 DEBUG service-2 request-id=205 status=ok
2026-08-24T10:03:26 DEBUG service-3 request-id=206 status=ok
2026-08-24T10:03:27 DEBUG service-4 request-id=207 status=ok
2026-08-24T10:03:28 WARN service-5 request-id=208 status=ok
2026-08-24T10:03:29 DEBUG service-6 request-id=209 status=ok
2026-08-24T10:03:30 INFO service-0 request-id=210 status=ok
2026-08-24T10:03:31 WARN service-1 request-id=211 status=ok
2026-08-24T10:03:32 DEBUG service-2 request-id=212 status=ok
2026-08-24T10:03:33 INFO service-3 request-id=213 status=ok
2026-08-24T10:03:34 DEBUG service-4 request-id=214 status=ok
2026-08-24T10:03:35 ERROR service-5 request-id=215 status=failed
2026-08-24T10:03:36 DEBUG service-6 request-id=216 status=ok
2026-08-24T10:03:37 ERROR service-0 request-id=217 status=failed
2026-08-24T10:03:38 DEBUG service-1 request-id=218 status=ok
2026-08-24T10:03:39 DEBUG service-2 request-id=219 status=ok
2026-08-24T10:03:40 WARN service-3 request-id=220 status=ok
2026-08-24T10:03:41 WARN service-4 request-id=221 status=ok
2026-08-24T10:03:42 ERROR service-5 request-id=222 status=failed
2026-08-24T10:03:43 WARN service-6 request-id=223 status=ok
2026-08-24T10:03:44 INFO service-0 request-id=224 status=ok
2026-08-24T10:03:45 INFO service-1 request-id=225 status=ok
2026-08-24T10:03:46 ERROR service-2 request-id=226 status=failed
2026-08-24T10:03:47 INFO service-3 request-id=227 status=ok
2026-08-24T10:03:48 INFO service-4 request-id=228 status=ok
2026-08-24T10:03:49 DEBUG service-5 request-id=229 status=ok
2026-08-24T10:03:50 WARN service-6 request-id=230 status=ok
2026-08-24T10:03:51 INFO service-0 request-id=231 status=ok
2026-08-24T10:03:52 INFO service-1 request-id=232 status=ok
2026-08-24T10:03:53 WARN service-2 request-id=233 status=ok
2026-08-24T10:03:54 INFO service-3 request-id=234 status=ok
2026-08-24T10:03:55 INFO service-4 request-id=235 status=ok
2026-08-24T10:03:56 WARN service-5 request-id=236 status=ok
2026-08-24T10:03:57 DEBUG service-6 request-id=237 status=ok
2026-08-24T10:03:58 INFO service-0 request-id=238 status=ok
2026-08-24T10:03:59 WARN service-1 request-id=239 status=ok
2026-08-24T10:04:00 INFO service-2 request-id=240 status=ok
2026-08-24T10:04:01 INFO service-3 request-id=241 status=ok
2026-08-24T10:04:02 DEBUG service-4 request-id=242 status=ok
2026-08-24T10:04:03 ERROR service-5 request-id=243 status=failed
2026-08-24T10:04:04 ERROR service-6 request-id=244 status=failed
2026-08-24T10:04:05 WARN service-0 request-id=245 status=ok
2026-08-24T10:04:06 ERROR service-1 request-id=246 status=failed
2026-08-24T10:04:07 WARN service-2 request-id=247 status=ok
2026-08-24T10:04:08 ERROR service-3 request-id=248 status=failed
2026-08-24T10:04:09 DEBUG service-4 request-id=249 status=ok
2026-08-24T10:04:10 WARN service-5 request-id=250 status=ok
2026-08-24T10:04:11 ERROR service-6 request-id=251 status=failed
2026-08-24T10:04:12 DEBUG service-0 request-id=252 status=ok
2026-08-24T10:04:13 ERROR service-1 request-id=253 status=failed
2026-08-24T10:04:14 INFO service-2 request-id=254 status=ok
2026-08-24T10:04:15 INFO service-3 request-id=255 status=ok
2026-08-24T10:04:16 DEBUG service-4 request-id=256 status=ok
2026-08-24T10:04:17 INFO service-5 request-id=257 status=ok
2026-08-24T10:04:18 INFO service-6 request-id=258 status=ok
2026-08-24T10:04:19 WARN service-0 request-id=259 status=ok
2026-08-24T10:04:20 ERROR service-1 request-id=260 status=failed
2026-08-24T10:04:21 WARN service-2 request-id=261 status=ok
2026-08-24T10:04:22 ERROR service-3 request-id=262 status=failed
2026-08-24T10:04:23 INFO service-4 request-id=263 status=ok
2026-08-24T10:04:24 WARN service-5 request-id=264 status=ok
2026-08-24T10:04:25 ERROR service-6 request-id=265 status=failed
2026-08-24T10:04:26 ERROR service-0 request-id=266 status=failed
2026-08-24T10:04:27 WARN service-1 request-id=267 status=ok
2026-08-24T10:04:28 DEBUG service-2 request-id=268 status=ok
2026-08-24T10:04:29 ERROR service-3 request-id=269 status=failed
2026-08-24T10:04:30 INFO service-4 request-id=270 status=ok
2026-08-24T10:04:31 ERROR service-5 request-id=271 status=failed
2026-08-24T10:04:32 INFO service-6 request-id=272 status=ok
2026-08-24T10:04:33 WARN service-0 request-id=273 status=ok
2026-08-24T10:04:34 ERROR service-1 request-id=274 status=failed
2026-08-24T10:04:35 INFO service-2 request-id=275 status=ok
2026-08-24T10:04:36 INFO service-3 request-id=276 status=ok
2026-08-24T10:04:37 WARN service-4 request-id=277 status=ok
2026-08-24T10:04:38 ERROR service-5 request-id=278 status=failed
2026-08-24T10:04:39 ERROR service-6 request-id=279 status=failed
2026-08-24T10:04:40 WARN service-0 request-id=280 status=ok
2026-08-24T10:04:41 ERROR service-1 request-id=281 status=failed
2026-08-24T10:04:42 WARN service-2 request-id=282 status=ok
2026-08-24T10:04:43 ERROR service-3 request-id=283 status=failed
2026-08-24T10:04:44 DEBUG service-4 request-id=284 status=ok
2026-08-24T10:04:45 ERROR service-5 request-id=285 status=failed
2026-08-24T10:04:46 INFO service-6 request-id=286 status=ok
2026-08-24T10:04:47 INFO service-0 request-id=287 status=ok
2026-08-24T10:04:48 DEBUG service-1 request-id=288 status=ok
2026-08-24T10:04:49 ERROR service-2 request-id=289 status=failed
2026-08-24T10:04:50 INFO service-3 request-id=290 status=ok
2026-08-24T10:04:51 INFO service-4 request-id=291 status=ok
2026-08-24T10:04:52 ERROR service-5 request-id=292 status=failed
2026-08-24T10:04:53 WARN service-6 request-id=293 status=ok
2026-08-24T10:04:54 ERROR service-0 request-id=294 status=failed
2026-08-24T10:04:55 WARN service-1 request-id=295 status=ok
2026-08-24T10:04:56 DEBUG service-2 request-id=296 status=ok
2026-08-24T10:04:57 DEBUG service-3 request-id=297 status=ok
2026-08-24T10:04:58 INFO service-4 request-id=298 status=ok
2026-08-24T10:04:59 INFO service-5 request-id=299 status=ok
2026-08-24T10:05:00 INFO service-6 request-id=300 status=ok
2026-08-24T10:05:01 WARN service-0 request-id=301 status=ok
2026-08-24T10:05:02 INFO service-1 request-id=302 status=ok
2026-08-24T10:05:03 ERROR service-2 request-id=303 status=failed
2026-08-24T10:05:04 WARN service-3 request-id=304 status=ok
2026-08-24T10:05:05 DEBUG service-4 request-id=305 status=ok
2026-08-24T10:05:06 WARN service-5 request-id=306 status=ok
2026-08-24T10:05:07 INFO service-6 request-id=307 status=ok
2026-08-24T10:05:08 ERROR service-0 request-id=308 status=failed
2026-08-24T10:05:09 ERROR service-1 request-id=309 status=failed
2026-08-24T10:05:10 INFO service-2 request-id=310 status=ok
2026-08-24T10:05:11 ERROR service-3 request-id=311 status=failed
2026-08-24T10:05:12 WARN service-4 request-id=312 status=ok
2026-08-24T10:05:13 WARN service-5 request-id=313 status=ok
2026-08-24T10:05:14 INFO service-6 request-id=314 status=ok
2026-08-24T10:05:15 ERROR service-0 request-id=315 status=failed
2026-08-24T10:05:16 DEBUG service-1 request-id=316 status=ok
2026-08-24T10:05:17 WARN service-2 request-id=317 status=ok
2026-08-24T10:05:18 WARN service-3 request-id=318 status=ok
2026-08-24T10:05:19 WARN service-4 request-id=319 status=ok
2026-08-24T10:05:20 WARN service-5 request-id=320 status=ok
2026-08-24T10:05:21 DEBUG service-6 request-id=321 status=ok
2026-08-24T10:05:22 INFO service-0 request-id=322 status=ok
2026-08-24T10:05:23 WARN service-1 request-id=323 status=ok
2026-08-24T10:05:24 ERROR service-2 request-id=324 status=failed
2026-08-24T10:05:25 DEBUG service-3 request-id=325 status=ok
2026-08-24T10:05:26 WARN service-4 request-id=326 status=ok
2026-08-24T10:05:27 ERROR service-5 request-id=327 status=failed
2026-08-24T10:05:28 WARN service-6 request-id=328 status=ok
2026-08-24T10:05:29 INFO service-0 request-id=329 status=ok
2026-08-24T10:05:30 DEBUG service-1 request-id=330 status=ok
2026-08-24T10:05:31 INFO service-2 request-id=331 status=ok
2026-08-24T10:05:32 DEBUG service-3 request-id=332 status=ok
2026-08-24T10:05:33 WARN service-4 request-id=333 status=ok
2026-08-24T10:05:34 WARN service-5 request-id=334 status=ok
2026-08-24T10:05:35 DEBUG service-6 request-id=335 status=ok
2026-08-24T10:05:36 ERROR service-0 request-id=336 status=failed
2026-08-24T10:05:37 ERROR service-1 request-id=337 status=failed
2026-08-24T10:05:38 WARN service-2 request-id=338 status=ok
2026-08-24T10:05:39 WARN service-3 request-id=339 status=ok
2026-08-24T10:05:40 INFO service-4 request-id=340 status=ok
2026-08-24T10:05:41 WARN service-5 request-id=341 status=ok
2026-08-24T10:05:42 DEBUG service-6 request-id=342 status=ok
2026-08-24T10:05:43 ERROR service-0 request-id=343 status=failed
2026-08-24T10:05:44 ERROR service-1 request-id=344 status=failed
2026-08-24T10:05:45 INFO service-2 request-id=345 status=ok
2026-08-24T10:05:46 ERROR service-3 request-id=346 status=failed
2026-08-24T10:05:47 ERROR service-4 request-id=347 status=failed
2026-08-24T10:05:48 DEBUG service-5 request-id=348 status=ok
2026-08-24T10:05:49 ERROR service-6 request-id=349 status=failed
2026-08-24T10:05:50 INFO service-0 request-id=350 status=ok
2026-08-24T10:05:51 INFO service-1 request-id=351 status=ok
2026-08-24T10:05:52 ERROR service-2 request-id=352 status=failed
2026-08-24T10:05:53 WARN service-3 request-id=353 status=ok
2026-08-24T10:05:54 ERROR service-4 request-id=354 status=failed
2026-08-24T10:05:55 INFO service-5 request-id=355 status=ok
2026-08-24T10:05:56 INFO service-6 request-id=356 status=ok
2026-08-24T10:05:57 DEBUG service-0 request-id=357 status=ok
2026-08-24T10:05:58 ERROR service-1 request-id=358 status=failed
2026-08-24T10:05:59 ERROR service-2 request-id=359 status=failed
2026-08-24T10:06:00 DEBUG service-3 request-id=360 status=ok
2026-08-24T10:06:01 INFO service-4 request-id=361 status=ok
2026-08-24T10:06:02 DEBUG service-5 request-id=362 status=ok
2026-08-24T10:06:03 WARN service-6 request-id=363 status=ok
2026-08-24T10:06:04 ERROR service-0 request-id=364 status=failed
2026-08-24T10:06:05 INFO service-1 request-id=365 status=ok
2026-08-24T10:06:06 DEBUG service-2 request-id=366 status=ok
2026-08-24T10:06:07 INFO service-3 request-id=367 status=ok
2026-08-24T10:06:08 WARN service-4 request-id=368 status=ok
2026-08-24T10:06:09 ERROR service-5 request-id=369 status=failed
2026-08-24T10:06:10 DEBUG service-6 request-id=370 status=ok
2026-08-24T10:06:11 INFO service-0 request-id=371 status=ok
2026-08-24T10:06:12 ERROR service-1 request-id=372 status=failed
2026-08-24T10:06:13 ERROR service-2 request-id=373 status=failed
2026-08-24T10:06:14 INFO service-3 request-id=374 status=ok
2026-08-24T10:06:15 ERROR service-4 request-id=375 status=failed
2026-08-24T10:06:16 ERROR service-5 request-id=376 status=failed
2026-08-24T10:06:17 DEBUG service-6 request-id=377 status=ok
2026-08-24T10:06:18 ERROR service-0 request-id=378 status=failed
2026-08-24T10:06:19 DEBUG service-1 request-id=379 status=ok
2026-08-24T10:06:20 ERROR service-2 request-id=380 status=failed
2026-08-24T10:06:21 WARN service-3 request-id=381 status=ok
2026-08-24T10:06:22 WARN service-4 request-id=382 status=ok
2026-08-24T10:06:23 DEBUG service-5 request-id=383 status=ok
2026-08-24T10:06:24 DEBUG service-6 request-id=384 status=ok
2026-08-24T10:06:25 WARN service-0 request-id=385 status=ok
2026-08-24T10:06:26 ERROR service-1 request-id=386 status=failed
2026-08-24T10:06:27 DEBUG service-2 request-id=387 status=ok
2026-08-24T10:06:28 INFO service-3 request-id=388 status=ok
2026-08-24T10:06:29 ERROR service-4 request-id=389 status=failed
2026-08-24T10:06:30 ERROR service-5 request-id=390 status=failed
2026-08-24T10:06:31 WARN service-6 request-id=391 status=ok
2026-08-24T10:06:32 DEBUG service-0 request-id=392 status=ok
2026-08-24T10:06:33 ERROR service-1 request-id=393 status=failed
2026-08-24T10:06:34 DEBUG service-2 request-id=394 status=ok
2026-08-24T10:06:35 DEBUG service-3 request-id=395 status=ok
2026-08-24T10:06:36 DEBUG service-4 request-id=396 status=ok
2026-08-24T10:06:37 WARN service-5 request-id=397 status=ok
2026-08-24T10:06:38 DEBUG service-6 request-id=398 status=ok
2026-08-24T10:06:39 WARN service-0 request-id=399 status=ok
2026-08-24T10:06:40 INFO service-1 request-id=400 status=ok
2026-08-24T10:06:41 ERROR service-2 request-id=401 status=failed
2026-08-24T10:06:42 ERROR service-3 request-id=402 status=failed
2026-08-24T10:06:43 INFO service-4 request-id=403 status=ok
2026-08-24T10:06:44 WARN service-5 request-id=404 status=ok
2026-08-24T10:06:45 ERROR service-6 request-id=405 status=failed
2026-08-24T10:06:46 WARN service-0 request-id=406 status=ok
2026-08-24T10:06:47 WARN service-1 request-id=407 status=ok
2026-08-24T10:06:48 WARN service-2 request-id=408 status=ok
2026-08-24T10:06:49 INFO service-3 request-id=409 status=ok
2026-08-24T10:06:50 INFO service-4 request-id=410 status=ok
2026-08-24T10:06:51 WARN service-5 request-id=411 status=ok
2026-08-24T10:06:52 DEBUG service-6 request-id=412 status=ok
2026-08-24T10:06:53 INFO service-0 request-id=413 status=ok
2026-08-24T10:06:54 DEBUG service-1 request-id=414 status=ok
2026-08-24T10:06:55 DEBUG service-2 request-id=415 status=ok
2026-08-24T10:06:56 WARN service-3 request-id=416 status=ok
2026-08-24T10:06:57 DEBUG service-4 request-id=417 status=ok
2026-08-24T10:06:58 DEBUG service-5 request-id=418 status=ok
2026-08-24T10:06:59 DEBUG service-6 request-id=419 status=ok
2026-08-24T10:07:00 WARN service-0 request-id=420 status=ok
2026-08-24T10:07:01 WARN service-1 request-id=421 status=ok
2026-08-24T10:07:02 INFO service-2 request-id=422 status=ok
2026-08-24T10:07:03 INFO service-3 request-id=423 status=ok
2026-08-24T10:07:04 DEBUG service-4 request-id=424 status=ok
2026-08-24T10:07:05 WARN service-5 request-id=425 status=ok
2026-08-24T10:07:06 WARN service-6 request-id=426 status=ok
2026-08-24T10:07:07 DEBUG service-0 request-id=427 status=ok
2026-08-24T10:07:08 INFO service-1 request-id=428 status=ok
2026-08-24T10:07:09 WARN service-2 request-id=429 status=ok
2026-08-24T10:07:10 INFO service-3 request-id=430 status=ok
2026-08-24T10:07:11 DEBUG service-4 request-id=431 status=ok
2026-08-24T10:07:12 WARN service-5 request-id=432 status=ok
2026-08-24T10:07:13 DEBUG service-6 request-id=433 status=ok
2026-08-24T10:07:14 ERROR service-0 request-id=434 status=failed
2026-08-24T10:07:15 DEBUG service-1 request-id=435 status=ok
2026-08-24T10:07:16 DEBUG service-2 request-id=436 status=ok
2026-08-24T10:07:17 DEBUG service-3 request-id=437 status=ok
2026-08-24T10:07:18 WARN service-4 request-id=438 status=ok
2026-08-24T10:07:19 DEBUG service-5 request-id=439 status=ok
2026-08-24T10:07:20 DEBUG service-6 request-id=440 status=ok
2026-08-24T10:07:21 ERROR service-0 request-id=441 status=failed
2026-08-24T10:07:22 WARN service-1 request-id=442 status=ok
2026-08-24T10:07:23 ERROR service-2 request-id=443 status=failed
2026-08-24T10:07:24 DEBUG service-3 request-id=444 status=ok
2026-08-24T10:07:25 WARN service-4 request-id=445 status=ok
2026-08-24T10:07:26 ERROR service-5 request-id=446 status=failed
2026-08-24T10:07:27 DEBUG service-6 request-id=447 status=ok
2026-08-24T10:07:28 INFO service-0 request-id=448 status=ok
2026-08-24T10:07:29 ERROR service-1 request-id=449 status=failed
2026-08-24T10:07:30 WARN service-2 request-id=450 status=ok
2026-08-24T10:07:31 ERROR service-3 request-id=451 status=failed
2026-08-24T10:07:32 ERROR service-4 request-id=452 status=failed
2026-08-24T10:07:33 ERROR service-5 request-id=453 status=failed
2026-08-24T10:07:34 INFO service-6 request-id=454 status=ok
2026-08-24T10:07:35 WARN service-0 request-id=455 status=ok
2026-08-24T10:07:36 WARN service-1 request-id=456 status=ok
2026-08-24T10:07:37 WARN service-2 request-id=457 status=ok
2026-08-24T10:07:38 DEBUG service-3 request-id=458 status=ok
2026-08-24T10:07:39 WARN service-4 request-id=459 status=ok
2026-08-24T10:07:40 WARN service-5 request-id=460 status=ok
2026-08-24T10:07:41 INFO service-6 request-id=461 status=ok
2026-08-24T10:07:42 DEBUG service-0 request-id=462 status=ok
2026-08-24T10:07:43 DEBUG service-1 request-id=463 status=ok
2026-08-24T10:07:44 ERROR service-2 request-id=464 status=failed
2026-08-24T10:07:45 DEBUG service-3 request-id=465 status=ok
2026-08-24T10:07:46 DEBUG service-4 request-id=466 status=ok
2026-08-24T10:07:47 INFO service-5 request-id=467 status=ok
2026-08-24T10:07:48 WARN service-6 request-id=468 status=ok
2026-08-24T10:07:49 DEBUG service-0 request-id=469 status=ok
2026-08-24T10:07:50 DEBUG service-1 request-id=470 status=ok
2026-08-24T10:07:51 INFO service-2 request-id=471 status=ok
2026-08-24T10:07:52 DEBUG service-3 request-id=472 status=ok
2026-08-24T10:07:53 DEBUG service-4 request-id=473 status=ok
2026-08-24T10:07:54 INFO service-5 request-id=474 status=ok
2026-08-24T10:07:55 ERROR service-6 request-id=475 status=failed
2026-08-24T10:07:56 ERROR service-0 request-id=476 status=failed
2026-08-24T10:07:57 DEBUG service-1 request-id=477 status=ok
2026-08-24T10:07:58 DEBUG service-2 request-id=478 status=ok
2026-08-24T10:07:59 WARN service-3 request-id=479 status=ok
2026-08-24T10:08:00 DEBUG service-4 request-id=480 status=ok
2026-08-24T10:08:01 WARN service-5 request-id=481 status=ok
2026-08-24T10:08:02 ERROR service-6 request-id=482 status=failed
2026-08-24T10:08:03 DEBUG service-0 request-id=483 status=ok
2026-08-24T10:08:04 DEBUG service-1 request-id=484 status=ok
2026-08-24T10:08:05 INFO service-2 request-id=485 status=ok
2026-08-24T10:08:06 DEBUG service-3 request-id=486 status=ok
2026-08-24T10:08:07 ERROR service-4 request-id=487 status=failed
2026-08-24T10:08:08 DEBUG service-5 request-id=488 status=ok
2026-08-24T10:08:09 WARN service-6 request-id=489 status=ok
2026-08-24T10:08:10 DEBUG service-0 request-id=490 status=ok
2026-08-24T10:08:11 WARN service-1 request-id=491 status=ok
2026-08-24T10:08:12 INFO service-2 request-id=492 status=ok
2026-08-24T10:08:13 DEBUG service-3 request-id=493 status=ok
2026-08-24T10:08:14 INFO service-4 request-id=494 status=ok
2026-08-24T10:08:15 INFO service-5 request-id=495 status=ok
2026-08-24T10:08:16 DEBUG service-6 request-id=496 status=ok
2026-08-24T10:08:17 WARN service-0 request-id=497 status=ok
2026-08-24T10:08:18 DEBUG service-1 request-id=498 status=ok
2026-08-24T10:08:19 WARN service-2 request-id=499 status=ok
2026-08-24T10:08:20 INFO service-3 request-id=500 status=ok
2026-08-24T10:08:21 ERROR service-4 request-id=501 status=failed
2026-08-24T10:08:22 DEBUG service-5 request-id=502 status=ok
2026-08-24T10:08:23 ERROR service-6 request-id=503 status=failed
2026-08-24T10:08:24 WARN service-0 request-id=504 status=ok
2026-08-24T10:08:25 DEBUG service-1 request-id=505 status=ok
2026-08-24T10:08:26 ERROR service-2 request-id=506 status=failed
2026-08-24T10:08:27 ERROR service-3 request-id=507 status=failed
2026-08-24T10:08:28 DEBUG service-4 request-id=508 status=ok
2026-08-24T10:08:29 ERROR service-5 request-id=509 status=failed
2026-08-24T10:08:30 DEBUG service-6 request-id=510 status=ok
2026-08-24T10:08:31 ERROR service-0 request-id=511 status=failed
2026-08-24T10:08:32 INFO service-1 request-id=512 status=ok
2026-08-24T10:08:33 DEBUG service-2 request-id=513 status=ok
2026-08-24T10:08:34 INFO service-3 request-id=514 status=ok
2026-08-24T10:08:35 INFO service-4 request-id=515 status=ok
2026-08-24T10:08:36 ERROR service-5 request-id=516 status=failed
2026-08-24T10:08:37 WARN service-6 request-id=517 status=ok
2026-08-24T10:08:38 INFO service-0 request-id=518 status=ok
2026-08-24T10:08:39 INFO service-1 request-id=519 status=ok
2026-08-24T10:08:40 INFO service-2 request-id=520 status=ok
2026-08-24T10:08:41 WARN service-3 request-id=521 status=ok
2026-08-24T10:08:42 WARN service-4 request-id=522 status=ok
2026-08-24T10:08:43 INFO service-5 request-id=523 status=ok
2026-08-24T10:08:44 WARN service-6 request-id=524 status=ok
2026-08-24T10:08:45 WARN service-0 request-id=525 status=ok
2026-08-24T10:08:46 WARN service-1 request-id=526 status=ok
2026-08-24T10:08:47 DEBUG service-2 request-id=527 status=ok
2026-08-24T10:08:48 INFO service-3 request-id=528 status=ok
2026-08-24T10:08:49 WARN service-4 request-id=529 status=ok
2026-08-24T10:08:50 DEBUG service-5 request-id=530 status=ok
2026-08-24T10:08:51 ERROR service-6 request-id=531 status=failed
2026-08-24T10:08:52 ERROR service-0 request-id=532 status=failed
2026-08-24T10:08:53 WARN service-1 request-id=533 status=ok
2026-08-24T10:08:54 INFO service-2 request-id=534 status=ok
2026-08-24T10:08:55 WARN service-3 request-id=535 status=ok
2026-08-24T10:08:56 ERROR service-4 request-id=536 status=failed
2026-08-24T10:08:57 INFO service-5 request-id=537 status=ok
2026-08-24T10:08:58 INFO service-6 request-id=538 status=ok
2026-08-24T10:08:59 ERROR service-0 request-id=539 status=failed
2026-08-24T10:09:00 DEBUG service-1 request-id=540 status=ok
2026-08-24T10:09:01 DEBUG service-2 request-id=541 status=ok
2026-08-24T10:09:02 WARN service-3 request-id=542 status=ok
2026-08-24T10:09:03 INFO service-4 request-id=543 status=ok
2026-08-24T10:09:04 WARN service-5 request-id=544 status=ok
2026-08-24T10:09:05 INFO service-6 request-id=545 status=ok
2026-08-24T10:09:06 ERROR service-0 request-id=546 status=failed
2026-08-24T10:09:07 INFO service-1 request-id=547 status=ok
2026-08-24T10:09:08 INFO service-2 request-id=548 status=ok
2026-08-24T10:09:09 ERROR service-3 request-id=549 status=failed
2026-08-24T10:09:10 DEBUG service-4 request-id=550 status=ok
2026-08-24T10:09:11 ERROR service-5 request-id=551 status=failed
2026-08-24T10:09:12 INFO service-6 request-id=552 status=ok
2026-08-24T10:09:13 ERROR service-0 request-id=553 status=failed
2026-08-24T10:09:14 INFO service-1 request-id=554 status=ok
2026-08-24T10:09:15 DEBUG service-2 request-id=555 status=ok
2026-08-24T10:09:16 DEBUG service-3 request-id=556 status=ok
2026-08-24T10:09:17 INFO service-4 request-id=557 status=ok
2026-08-24T10:09:18 DEBUG service-5 request-id=558 status=ok
2026-08-24T10:09:19 ERROR service-6 request-id=559 status=failed
2026-08-24T10:09:20 DEBUG service-0 request-id=560 status=ok
2026-08-24T10:09:21 WARN service-1 request-id=561 status=ok
2026-08-24T10:09:22 DEBUG service-2 request-id=562 status=ok
2026-08-24T10:09:23 WARN service-3 request-id=563 status=ok
2026-08-24T10:09:24 ERROR service-4 request-id=564 status=failed
2026-08-24T10:09:25 DEBUG service-5 request-id=565 status=ok
2026-08-24T10:09:26 DEBUG service-6 request-id=566 status=ok
2026-08-24T10:09:27 DEBUG service-0 request-id=567 status=ok
2026-08-24T10:09:28 ERROR service-1 request-id=568 status=failed
2026-08-24T10:09:29 ERROR service-2 request-id=569 status=failed
2026-08-24T10:09:30 WARN service-3 request-id=570 status=ok
2026-08-24T10:09:31 INFO service-4 request-id=571 status=ok
2026-08-24T10:09:32 ERROR service-5 request-id=572 status=failed
2026-08-24T10:09:33 DEBUG service-6 request-id=573 status=ok
2026-08-24T10:09:34 WARN service-0 request-id=574 status=ok
2026-08-24T10:09:35 DEBUG service-1 request-id=575 status=ok
2026-08-24T10:09:36 DEBUG service-2 request-id=576 status=ok
2026-08-24T10:09:37 ERROR service-3 request-id=577 status=failed
2026-08-24T10:09:38 INFO service-4 request-id=578 status=ok
2026-08-24T10:09:39 DEBUG service-5 request-id=579 status=ok
2026-08-24T10:09:40 ERROR service-6 request-id=580 status=failed
2026-08-24T10:09:41 WARN service-0 request-id=581 status=ok
2026-08-24T10:09:42 DEBUG service-1 request-id=582 status=ok
2026-08-24T10:09:43 WARN service-2 request-id=583 status=ok
2026-08-24T10:09:44 ERROR service-3 request-id=584 status=failed
2026-08-24T10:09:45 ERROR service-4 request-id=585 status=failed
2026-08-24T10:09:46 ERROR service-5 request-id=586 status=failed
2026-08-24T10:09:47 ERROR service-6 request-id=587 status=failed
2026-08-24T10:09:48 ERROR service-0 request-id=588 status=failed
2026-08-24T10:09:49 INFO service-1 request-id=589 status=ok
2026-08-24T10:09:50 WARN service-2 request-id=590 status=ok
2026-08-24T10:09:51 INFO service-3 request-id=591 status=ok
2026-08-24T10:09:52 WARN service-4 request-id=592 status=ok
2026-08-24T10:09:53 DEBUG service-5 request-id=593 status=ok
2026-08-24T10:09:54 DEBUG service-6 request-id=594 status=ok
2026-08-24T10:09:55 WARN service-0 request-id=595 status=ok
2026-08-24T10:09:56 DEBUG service-1 request-id=596 status=ok
2026-08-24T10:09:57 DEBUG service-2 request-id=597 status=ok
2026-08-24T10:09:58 DEBUG service-3 request-id=598 status=ok
2026-08-24T10:09:59 INFO service-4 request-id=599 status=ok
2026-08-24T10:10:00 INFO service-5 request-id=600 status=ok
2026-08-24T10:10:01 ERROR service-6 request-id=601 status=failed
2026-08-24T10:10:02 WARN service-0 request-id=602 status=ok
2026-08-24T10:10:03 DEBUG service-1 request-id=603 status=ok
2026-08-24T10:10:04 WARN service-2 request-id=604 status=ok
2026-08-24T10:10:05 ERROR service-3 request-id=605 status=failed
2026-08-24T10:10:06 ERROR service-4 request-id=606 status=failed
2026-08-24T10:10:07 DEBUG service-5 request-id=607 status=ok
2026-08-24T10:10:08 ERROR service-6 request-id=608 status=failed
2026-08-24T10:10:09 DEBUG service-0 request-id=609 status=ok
2026-08-24T10:10:10 ERROR service-1 request-id=610 status=failed
2026-08-24T10:10:11 ERROR service-2 request-id=611 status=failed
2026-08-24T10:10:12 DEBUG service-3 request-id=612 status=ok
2026-08-24T10:10:13 ERROR service-4 request-id=613 status=failed
2026-08-24T10:10:14 ERROR service-5 request-id=614 status=failed
2026-08-24T10:10:15 ERROR service-6 request-id=615 status=failed
2026-08-24T10:10:16 WARN service-0 request-id=616 status=ok
2026-08-24T10:10:17 INFO service-1 request-id=617 status=ok
2026-08-24T10:10:18 WARN service-2 request-id=618 status=ok
2026-08-24T10:10:19 ERROR service-3 request-id=619 status=failed
2026-08-24T10:10:20 INFO service-4 request-id=620 status=ok
2026-08-24T10:10:21 WARN service-5 request-id=621 status=ok
2026-08-24T10:10:22 WARN service-6 request-id=622 status=ok
2026-08-24T10:10:23 WARN service-0 request-id=623 status=ok
2026-08-24T10:10:24 DEBUG service-1 request-id=624 status=ok
2026-08-24T10:10:25 ERROR service-2 request-id=625 status=failed
2026-08-24T10:10:26 ERROR service-3 request-id=626 status=failed
2026-08-24T10:10:27 INFO service-4 request-id=627 status=ok
2026-08-24T10:10:28 WARN service-5 request-id=628 status=ok
2026-08-24T10:10:29 ERROR service-6 request-id=629 status=failed
2026-08-24T10:10:30 WARN service-0 request-id=630 status=ok
2026-08-24T10:10:31 ERROR service-1 request-id=631 status=failed
2026-08-24T10:10:32 WARN service-2 request-id=632 status=ok
2026-08-24T10:10:33 ERROR service-3 request-id=633 status=failed
2026-08-24T10:10:34 INFO service-4 request-id=634 status=ok
2026-08-24T10:10:35 WARN service-5 request-id=635 status=ok
2026-08-24T10:10:36 ERROR service-6 request-id=636 status=failed
2026-08-24T10:10:37 INFO service-0 request-id=637 status=ok
2026-08-24T10:10:38 INFO service-1 request-id=638 status=ok
2026-08-24T10:10:39 ERROR service-2 request-id=639 status=failed
2026-08-24T10:10:40 WARN service-3 request-id=640 status=ok
2026-08-24T10:10:41 DEBUG service-4 request-id=641 status=ok
2026-08-24T10:10:42 INFO service-5 request-id=642 status=ok
2026-08-24T10:10:43 INFO service-6 request-id=643 status=ok
2026-08-24T10:10:44 ERROR service-0 request-id=644 status=failed
2026-08-24T10:10:45 DEBUG service-1 request-id=645 status=ok
2026-08-24T10:10:46 DEBUG service-2 request-id=646 status=ok
2026-08-24T10:10:47 DEBUG service-3 request-id=647 status=ok
2026-08-24T10:10:48 ERROR service-4 request-id=648 status=failed
2026-08-24T10:10:49 WARN service-5 request-id=649 status=ok
2026-08-24T10:10:50 INFO service-6 request-id=650 status=ok
2026-08-24T10:10:51 ERROR service-0 request-id=651 status=failed
2026-08-24T10:10:52 DEBUG service-1 request-id=652 status=ok
2026-08-24T10:10:53 INFO service-2 request-id=653 status=ok
2026-08-24T10:10:54 INFO service-3 request-id=654 status=ok
2026-08-24T10:10:55 DEBUG service-4 request-id=655 status=ok
2026-08-24T10:10:56 DEBUG service-5 request-id=656 status=ok
2026-08-24T10:10:57 INFO service-6 request-id=657 status=ok
2026-08-24T10:10:58 INFO service-0 request-id=658 status=ok
2026-08-24T10:10:59 WARN service-1 request-id=659 status=ok
2026-08-24T10:11:00 WARN service-2 request-id=660 status=ok
2026-08-24T10:11:01 ERROR service-3 request-id=661 status=failed
2026-08-24T10:11:02 INFO service-4 request-id=662 status=ok
2026-08-24T10:11:03 WARN service-5 request-id=663 status=ok
2026-08-24T10:11:04 INFO service-6 request-id=664 status=ok
2026-08-24T10:11:05 DEBUG service-0 request-id=665 status=ok
2026-08-24T10:11:06 WARN service-1 request-id=666 status=ok
2026-08-24T10:11:07 DEBUG service-2 request-id=667 status=ok
2026-08-24T10:11:08 DEBUG service-3 request-id=668 status=ok
2026-08-24T10:11:09 DEBUG service-4 request-id=669 status=ok
2026-08-24T10:11:10 ERROR service-5 request-id=670 status=failed
2026-08-24T10:11:11 DEBUG service-6 request-id=671 status=ok
2026-08-24T10:11:12 ERROR service-0 request-id=672 status=failed
2026-08-24T10:11:13 INFO service-1 request-id=673 status=ok
2026-08-24T10:11:14 INFO service-2 request-id=674 status=ok
2026-08-24T10:11:15 WARN service-3 request-id=675 status=ok
2026-08-24T10:11:16 WARN service-4 request-id=676 status=ok
2026-08-24T10:11:17 ERROR service-5 request-id=677 status=failed
2026-08-24T10:11:18 INFO service-6 request-id=678 status=ok
2026-08-24T10:11:19 WARN service-0 request-id=679 status=ok
2026-08-24T10:11:20 WARN service-1 request-id=680 status=ok
2026-08-24T10:11:21 WARN service-2 request-id=681 status=ok
2026-08-24T10:11:22 INFO service-3 request-id=682 status=ok
2026-08-24T10:11:23 WARN service-4 request-id=683 status=ok
2026-08-24T10:11:24 INFO service-5 request-id=684 status=ok
2026-08-24T10:11:25 DEBUG service-6 request-id=685 status=ok
2026-08-24T10:11:26 DEBUG service-0 request-id=686 status=ok
2026-08-24T10:11:27 DEBUG service-1 request-id=687 status=ok
2026-08-24T10:11:28 ERROR service-2 request-id=688 status=failed
2026-08-24T10:11:29 INFO service-3 request-id=689 status=ok
2026-08-24T10:11:30 WARN service-4 request-id=690 status=ok
2026-08-24T10:11:31 ERROR service-5 request-id=691 status=failed
2026-08-24T10:11:32 ERROR service-6 request-id=692 status=failed
2026-08-24T10:11:33 DEBUG service-0 request-id=693 status=ok
2026-08-24T10:11:34 INFO service-1 request-id=694 status=ok
2026-08-24T10:11:35 WARN service-2 request-id=695 status=ok
2026-08-24T10:11:36 ERROR service-3 request-id=696 status=failed
2026-08-24T10:11:37 WARN service-4 request-id=697 status=ok
2026-08-24T10:11:38 DEBUG service-5 request-id=698 status=ok
2026-08-24T10:11:39 INFO service-6 request-id=699 status=ok
2026-08-24T10:11:40 WARN service-0 request-id=700 status=ok
2026-08-24T10:11:41 WARN service-1 request-id=701 status=ok
2026-08-24T10:11:42 ERROR service-2 request-id=702 status=failed
2026-08-24T10:11:43 WARN service-3 request-id=703 status=ok
2026-08-24T10:11:44 INFO service-4 request-id=704 status=ok
2026-08-24T10:11:45 INFO service-5 request-id=705 status=ok
2026-08-24T10:11:46 WARN service-6 request-id=706 status=ok
2026-08-24T10:11:47 ERROR service-0 request-id=707 status=failed
2026-08-24T10:11:48 ERROR service-1 request-id=708 status=failed
2026-08-24T10:11:49 DEBUG service-2 request-id=709 status=ok
2026-08-24T10:11:50 INFO service-3 request-id=710 status=ok
2026-08-24T10:11:51 DEBUG service-4 request-id=711 status=ok
2026-08-24T10:11:52 ERROR service-5 request-id=712 status=failed
2026-08-24T10:11:53 DEBUG service-6 request-id=713 status=ok
2026-08-24T10:11:54 ERROR service-0 request-id=714 status=failed
2026-08-24T10:11:55 DEBUG service-1 request-id=715 status=ok
2026-08-24T10:11:56 DEBUG service-2 request-id=716 status=ok
2026-08-24T10:11:57 INFO service-3 request-id=717 status=ok
2026-08-24T10:11:58 INFO service-4 request-id=718 status=ok
2026-08-24T10:11:59 DEBUG service-5 request-id=719 status=ok
2026-08-24T10:12:00 ERROR service-6 request-id=720 status=failed
2026-08-24T10:12:01 ERROR service-0 request-id=721 status=failed
2026-08-24T10:12:02 INFO service-1 request-id=722 status=ok
2026-08-24T10:12:03 INFO service-2 request-id=723 status=ok
2026-08-24T10:12:04 WARN service-3 request-id=724 status=ok
2026-08-24T10:12:05 INFO service-4 request-id=725 status=ok
2026-08-24T10:12:06 ERROR service-5 request-id=726 status=failed
2026-08-24T10:12:07 INFO service-6 request-id=727 status=ok
2026-08-24T10:12:08 WARN service-0 request-id=728 status=ok
2026-08-24T10:12:09 DEBUG service-1 request-id=729 status=ok
2026-08-24T10:12:10 DEBUG service-2 request-id=730 status=ok
2026-08-24T10:12:11 ERROR service-3 request-id=731 status=failed
2026-08-24T10:12:12 WARN service-4 request-id=732 status=ok
2026-08-24T10:12:13 DEBUG service-5 request-id=733 status=ok
2026-08-24T10:12:14 DEBUG service-6 request-id=734 status=ok
2026-08-24T10:12:15 INFO service-0 request-id=735 status=ok
2026-08-24T10:12:16 DEBUG service-1 request-id=736 status=ok
2026-08-24T10:12:17 ERROR service-2 request-id=737 status=failed
2026-08-24T10:12:18 DEBUG service-3 request-id=738 status=ok
2026-08-24T10:12:19 ERROR service-4 request-id=739 status=failed
2026-08-24T10:12:20 ERROR service-5 request-id=740 status=failed
2026-08-24T10:12:21 INFO service-6 request-id=741 status=ok
2026-08-24T10:12:22 WARN service-0 request-id=742 status=ok
2026-08-24T10:12:23 ERROR service-1 request-id=743 status=failed
2026-08-24T10:12:24 DEBUG service-2 request-id=744 status=ok
2026-08-24T10:12:25 DEBUG service-3 request-id=745 status=ok
2026-08-24T10:12:26 ERROR service-4 request-id=746 status=failed
2026-08-24T10:12:27 DEBUG service-5 request-id=747 status=ok
2026-08-24T10:12:28 INFO service-6 request-id=748 status=ok
2026-08-24T10:12:29 DEBUG service-0 request-id=749 status=ok
2026-08-24T10:12:30 INFO service-1 request-id=750 status=ok
2026-08-24T10:12:31 ERROR service-2 request-id=751 status=failed
2026-08-24T10:12:32 ERROR service-3 request-id=752 status=failed
2026-08-24T10:12:33 ERROR service-4 request-id=753 status=failed
2026-08-24T10:12:34 INFO service-5 request-id=754 status=ok
2026-08-24T10:12:35 DEBUG service-6 request-id=755 status=ok
2026-08-24T10:12:36 INFO service-0 request-id=756 status=ok
2026-08-24T10:12:37 DEBUG service-1 request-id=757 status=ok
2026-08-24T10:12:38 DEBUG service-2 request-id=758 status=ok
2026-08-24T10:12:39 INFO service-3 request-id=759 status=ok
2026-08-24T10:12:40 WARN service-4 request-id=760 status=ok
2026-08-24T10:12:41 ERROR service-5 request-id=761 status=failed
2026-08-24T10:12:42 DEBUG service-6 request-id=762 status=ok
2026-08-24T10:12:43 DEBUG service-0 request-id=763 status=ok
2026-08-24T10:12:44 INFO service-1 request-id=764 status=ok
2026-08-24T10:12:45 WARN service-2 request-id=765 status=ok
2026-08-24T10:12:46 ERROR service-3 request-id=766 status=failed
2026-08-24T10:12:47 WARN service-4 request-id=767 status=ok
2026-08-24T10:12:48 ERROR service-5 request-id=768 status=failed
2026-08-24T10:12:49 DEBUG service-6 request-id=769 status=ok
2026-08-24T10:12:50 DEBUG service-0 request-id=770 status=ok
2026-08-24T10:12:51 INFO service-1 request-id=771 status=ok
2026-08-24T10:12:52 INFO service-2 request-id=772 status=ok
2026-08-24T10:12:53 WARN service-3 request-id=773 status=ok
2026-08-24T10:12:54 WARN service-4 request-id=774 status=ok
2026-08-24T10:12:55 ERROR service-5 request-id=775 status=failed
2026-08-24T10:12:56 INFO service-6 request-id=776 status=ok
2026-08-24T10:12:57 DEBUG service-0 request-id=777 status=ok
2026-08-24T10:12:58 INFO service-1 request-id=778 status=ok
2026-08-24T10:12:59 WARN service-2 request-id=779 status=ok
2026-08-24T10:13:00 INFO service-3 request-id=780 status=ok
2026-08-24T10:13:01 DEBUG service-4 request-id=781 status=ok
2026-08-24T10:13:02 INFO service-5 request-id=782 status=ok
2026-08-24T10:13:03 WARN service-6 request-id=783 status=ok
2026-08-24T10:13:04 DEBUG service-0 request-id=784 status=ok
2026-08-24T10:13:05 ERROR service-1 request-id=785 status=failed
2026-08-24T10:13:06 ERROR service-2 request-id=786 status=failed
2026-08-24T10:13:07 DEBUG service-3 request-id=787 status=ok
2026-08-24T10:13:08 DEBUG service-4 request-id=788 status=ok
2026-08-24T10:13:09 DEBUG service-5 request-id=789 status=ok
2026-08-24T10:13:10 WARN service-6 request-id=790 status=ok
2026-08-24T10:13:11 DEBUG service-0 request-id=791 status=ok
2026-08-24T10:13:12 WARN service-1 request-id=792 status=ok
2026-08-24T10:13:13 DEBUG service-2 request-id=793 status=ok
2026-08-24T10:13:14 WARN service-3 request-id=794 status=ok
2026-08-24T10:13:15 WARN service-4 request-id=795 status=ok
2026-08-24T10:13:16 INFO service-5 request-id=796 status=ok
2026-08-24T10:13:17 ERROR service-6 request-id=797 status=failed
2026-08-24T10:13:18 DEBUG service-0 request-id=798 status=ok
2026-08-24T10:13:19 ERROR service-1 request-id=799 status=failed
2026-08-24T10:13:20 ERROR service-2 request-id=800 status=failed
2026-08-24T10:13:21 INFO service-3 request-id=801 status=ok
2026-08-24T10:13:22 ERROR service-4 request-id=802 status=failed
2026-08-24T10:13:23 ERROR service-5 request-id=803 status=failed
2026-08-24T10:13:24 DEBUG service-6 request-id=804 status=ok
2026-08-24T10:13:25 WARN service-0 request-id=805 status=ok
2026-08-24T10:13:26 DEBUG service-1 request-id=806 status=ok
2026-08-24T10:13:27 DEBUG service-2 request-id=807 status=ok
2026-08-24T10:13:28 ERROR service-3 request-id=808 status=failed
2026-08-24T10:13:29 ERROR service-4 request-id=809 status=failed
2026-08-24T10:13:30 DEBUG service-5 request-id=810 status=ok
2026-08-24T10:13:31 DEBUG service-6 request-id=811 status=ok
2026-08-24T10:13:32 ERROR service-0 request-id=812 status=failed
2026-08-24T10:13:33 WARN service-1 request-id=813 status=ok
2026-08-24T10:13:34 WARN service-2 request-id=814 status=ok
2026-08-24T10:13:35 DEBUG service-3 request-id=815 status=ok
2026-08-24T10:13:36 WARN service-4 request-id=816 status=ok
2026-08-24T10:13:37 DEBUG service-5 request-id=817 status=ok
2026-08-24T10:13:38 INFO service-6 request-id=818 status=ok
2026-08-24T10:13:39 ERROR service-0 request-id=819 status=failed
2026-08-24T10:13:40 DEBUG service-1 request-id=820 status=ok
2026-08-24T10:13:41 DEBUG service-2 request-id=821 status=ok
2026-08-24T10:13:42 DEBUG service-3 request-id=822 status=ok
2026-08-24T10:13:43 WARN service-4 request-id=823 status=ok
2026-08-24T10:13:44 DEBUG service-5 request-id=824 status=ok
2026-08-24T10:13:45 INFO service-6 request-id=825 status=ok
2026-08-24T10:13:46 WARN service-0 request-id=826 status=ok
2026-08-24T10:13:47 ERROR service-1 request-id=827 status=failed
2026-08-24T10:13:48 INFO service-2 request-id=828 status=ok
2026-08-24T10:13:49 DEBUG service-3 request-id=829 status=ok
2026-08-24T10:13:50 INFO service-4 request-id=830 status=ok
2026-08-24T10:13:51 DEBUG service-5 request-id=831 status=ok
2026-08-24T10:13:52 INFO service-6 request-id=832 status=ok
2026-08-24T10:13:53 WARN service-0 request-id=833 status=ok
2026-08-24T10:13:54 DEBUG service-1 request-id=834 status=ok
2026-08-24T10:13:55 WARN service-2 request-id=835 status=ok
2026-08-24T10:13:56 INFO service-3 request-id=836 status=ok
2026-08-24T10:13:57 DEBUG service-4 request-id=837 status=ok
2026-08-24T10:13:58 ERROR service-5 request-id=838 status=failed
2026-08-24T10:13:59 ERROR service-6 request-id=839 status=failed
2026-08-24T10:14:00 DEBUG service-0 request-id=840 status=ok
2026-08-24T10:14:01 INFO service-1 request-id=841 status=ok
2026-08-24T10:14:02 ERROR service-2 request-id=842 status=failed
2026-08-24T10:14:03 DEBUG service-3 request-id=843 status=ok
2026-08-24T10:14:04 ERROR service-4 request-id=844 status=failed
2026-08-24T10:14:05 DEBUG service-5 request-id=845 status=ok
2026-08-24T10:14:06 INFO service-6 request-id=846 status=ok
2026-08-24T10:14:07 INFO service-0 request-id=847 status=ok
2026-08-24T10:14:08 WARN service-1 request-id=848 status=ok
2026-08-24T10:14:09 ERROR service-2 request-id=849 status=failed
2026-08-24T10:14:10 WARN service-3 request-id=850 status=ok
2026-08-24T10:14:11 INFO service-4 request-id=851 status=ok
2026-08-24T10:14:12 DEBUG service-5 request-id=852 status=ok
2026-08-24T10:14:13 INFO service-6 request-id=853 status=ok
2026-08-24T10:14:14 INFO service-0 request-id=854 status=ok
2026-08-24T10:14:15 DEBUG service-1 request-id=855 status=ok
2026-08-24T10:14:16 WARN service-2 request-id=856 status=ok
2026-08-24T10:14:17 ERROR service-3 request-id=857 status=failed
2026-08-24T10:14:18 INFO service-4 request-id=858 status=ok
2026-08-24T10:14:19 INFO service-5 request-id=859 status=ok
2026-08-24T10:14:20 ERROR service-6 request-id=860 status=failed
2026-08-24T10:14:21 INFO service-0 request-id=861 status=ok
2026-08-24T10:14:22 ERROR service-1 request-id=862 status=failed
2026-08-24T10:14:23 ERROR service-2 request-id=863 status=failed
2026-08-24T10:14:24 ERROR service-3 request-id=864 status=failed
2026-08-24T10:14:25 DEBUG service-4 request-id=865 status=ok
2026-08-24T10:14:26 WARN service-5 request-id=866 status=ok
2026-08-24T10:14:27 WARN service-6 request-id=867 status=ok
2026-08-24T10:14:28 DEBUG service-0 request-id=868 status=ok
2026-08-24T10:14:29 WARN service-1 request-id=869 status=ok
2026-08-24T10:14:30 WARN service-2 request-id=870 status=ok
2026-08-24T10:14:31 WARN service-3 request-id=871 status=ok
2026-08-24T10:14:32 INFO service-4 request-id=872 status=ok
2026-08-24T10:14:33 DEBUG service-5 request-id=873 status=ok
2026-08-24T10:14:34 WARN service-6 request-id=874 status=ok
2026-08-24T10:14:35 DEBUG service-0 request-id=875 status=ok
2026-08-24T10:14:36 WARN service-1 request-id=876 status=ok
2026-08-24T10:14:37 WARN service-2 request-id=877 status=ok
2026-08-24T10:14:38 DEBUG service-3 request-id=878 status=ok
2026-08-24T10:14:39 ERROR service-4 request-id=879 status=failed
2026-08-24T10:14:40 DEBUG service-5 request-id=880 status=ok
2026-08-24T10:14:41 ERROR service-6 request-id=881 status=failed
2026-08-24T10:14:42 INFO service-0 request-id=882 status=ok
2026-08-24T10:14:43 DEBUG service-1 request-id=883 status=ok
2026-08-24T10:14:44 ERROR service-2 request-id=884 status=failed
2026-08-24T10:14:45 WARN service-3 request-id=885 status=ok
2026-08-24T10:14:46 INFO service-4 request-id=886 status=ok
2026-08-24T10:14:47 DEBUG service-5 request-id=887 status=ok
2026-08-24T10:14:48 ERROR service-6 request-id=888 status=failed
2026-08-24T10:14:49 ERROR service-0 request-id=889 status=failed
2026-08-24T10:14:50 DEBUG service-1 request-id=890 status=ok
2026-08-24T10:14:51 ERROR service-2 request-id=891 status=failed
2026-08-24T10:14:52 DEBUG service-3 request-id=892 status=ok
2026-08-24T10:14:53 ERROR service-4 request-id=893 status=failed
2026-08-24T10:14:54 WARN service-5 request-id=894 status=ok
2026-08-24T10:14:55 DEBUG service-6 request-id=895 status=ok
2026-08-24T10:14:56 DEBUG service-0 request-id=896 status=ok
2026-08-24T10:14:57 INFO service-1 request-id=897 status=ok
2026-08-24T10:14:58 WARN service-2 request-id=898 status=ok
2026-08-24T10:14:59 DEBUG service-3 request-id=899 status=ok
2026-08-24T10:15:00 ERROR service-4 request-id=900 status=failed
2026-08-24T10:15:01 ERROR service-5 request-id=901 status=failed
2026-08-24T10:15:02 ERROR service-6 request-id=902 status=failed
2026-08-24T10:15:03 INFO service-0 request-id=903 status=ok
2026-08-24T10:15:04 DEBUG service-1 request-id=904 status=ok
2026-08-24T10:15:05 ERROR service-2 request-id=905 status=failed
2026-08-24T10:15:06 INFO service-3 request-id=906 status=ok
2026-08-24T10:15:07 INFO service-4 request-id=907 status=ok
2026-08-24T10:15:08 DEBUG service-5 request-id=908 status=ok
2026-08-24T10:15:09 ERROR service-6 request-id=909 status=failed
2026-08-24T10:15:10 WARN service-0 request-id=910 status=ok
2026-08-24T10:15:11 ERROR service-1 request-id=911 status=failed
2026-08-24T10:15:12 WARN service-2 request-id=912 status=ok
2026-08-24T10:15:13 WARN service-3 request-id=913 status=ok
2026-08-24T10:15:14 ERROR service-4 request-id=914 status=failed
2026-08-24T10:15:15 WARN service-5 request-id=915 status=ok
2026-08-24T10:15:16 INFO service-6 request-id=916 status=ok
2026-08-24T10:15:17 INFO service-0 request-id=917 status=ok
2026-08-24T10:15:18 ERROR service-1 request-id=918 status=failed
2026-08-24T10:15:19 DEBUG service-2 request-id=919 status=ok
2026-08-24T10:15:20 INFO service-3 request-id=920 status=ok
2026-08-24T10:15:21 ERROR service-4 request-id=921 status=failed
2026-08-24T10:15:22 WARN service-5 request-id=922 status=ok
2026-08-24T10:15:23 INFO service-6 request-id=923 status=ok
2026-08-24T10:15:24 ERROR service-0 request-id=924 status=failed
2026-08-24T10:15:25 ERROR service-1 request-id=925 status=failed
2026-08-24T10:15:26 DEBUG service-2 request-id=926 status=ok
2026-08-24T10:15:27 WARN service-3 request-id=927 status=ok
2026-08-24T10:15:28 WARN service-4 request-id=928 status=ok
2026-08-24T10:15:29 WARN service-5 request-id=929 status=ok
2026-08-24T10:15:30 ERROR service-6 request-id=930 status=failed
2026-08-24T10:15:31 ERROR service-0 request-id=931 status=failed
2026-08-24T10:15:32 WARN service-1 request-id=932 status=ok
2026-08-24T10:15:33 ERROR service-2 request-id=933 status=failed
2026-08-24T10:15:34 DEBUG service-3 request-id=934 status=ok
2026-08-24T10:15:35 ERROR service-4 request-id=935 status=failed
2026-08-24T10:15:36 ERROR service-5 request-id=936 status=failed
2026-08-24T10:15:37 INFO service-6 request-id=937 status=ok
2026-08-24T10:15:38 DEBUG service-0 request-id=938 status=ok
2026-08-24T10:15:39 INFO service-1 request-id=939 status=ok
2026-08-24T10:15:40 WARN service-2 request-id=940 status=ok
2026-08-24T10:15:41 WARN service-3 request-id=941 status=ok
2026-08-24T10:15:42 DEBUG service-4 request-id=942 status=ok
2026-08-24T10:15:43 ERROR service-5 request-id=943 status=failed
2026-08-24T10:15:44 INFO service-6 request-id=944 status=ok
2026-08-24T10:15:45 DEBUG service-0 request-id=945 status=ok
2026-08-24T10:15:46 INFO service-1 request-id=946 status=ok
2026-08-24T10:15:47 ERROR service-2 request-id=947 status=failed
2026-08-24T10:15:48 INFO service-3 request-id=948 status=ok
2026-08-24T10:15:49 DEBUG service-4 request-id=949 status=ok
2026-08-24T10:15:50 ERROR service-5 request-id=950 status=failed
2026-08-24T10:15:51 ERROR service-6 request-id=951 status=failed
2026-08-24T10:15:52 DEBUG service-0 request-id=952 status=ok
2026-08-24T10:15:53 ERROR service-1 request-id=953 status=failed
2026-08-24T10:15:54 INFO service-2 request-id=954 status=ok
2026-08-24T10:15:55 WARN service-3 request-id=955 status=ok
2026-08-24T10:15:56 DEBUG service-4 request-id=956 status=ok
2026-08-24T10:15:57 INFO service-5 request-id=957 status=ok
2026-08-24T10:15:58 ERROR service-6 request-id=958 status=failed
2026-08-24T10:15:59 WARN service-0 request-id=959 status=ok
2026-08-24T10:16:00 INFO service-1 request-id=960 status=ok
2026-08-24T10:16:01 DEBUG service-2 request-id=961 status=ok
2026-08-24T10:16:02 ERROR service-3 request-id=962 status=failed
2026-08-24T10:16:03 DEBUG service-4 request-id=963 status=ok
2026-08-24T10:16:04 INFO service-5 request-id=964 status=ok
2026-08-24T10:16:05 WARN service-6 request-id=965 status=ok
2026-08-24T10:16:06 INFO service-0 request-id=966 status=ok
2026-08-24T10:16:07 INFO service-1 request-id=967 status=ok
2026-08-24T10:16:08 ERROR service-2 request-id=968 status=failed
2026-08-24T10:16:09 DEBUG service-3 request-id=969 status=ok
2026-08-24T10:16:10 INFO service-4 request-id=970 status=ok
2026-08-24T10:16:11 INFO service-5 request-id=971 status=ok
2026-08-24T10:16:12 WARN service-6 request-id=972 status=ok
2026-08-24T10:16:13 WARN service-0 request-id=973 status=ok
2026-08-24T10:16:14 DEBUG service-1 request-id=974 status=ok
2026-08-24T10:16:15 DEBUG service-2 request-id=975 status=ok
2026-08-24T10:16:16 ERROR service-3 request-id=976 status=failed
2026-08-24T10:16:17 DEBUG service-4 request-id=977 status=ok
2026-08-24T10:16:18 WARN service-5 request-id=978 status=ok
2026-08-24T10:16:19 DEBUG service-6 request-id=979 status=ok
2026-08-24T10:16:20 INFO service-0 request-id=980 status=ok
2026-08-24T10:16:21 DEBUG service-1 request-id=981 status=ok
2026-08-24T10:16:22 DEBUG service-2 request-id=982 status=ok
2026-08-24T10:16:23 ERROR service-3 request-id=983 status=failed
2026-08-24T10:16:24 INFO service-4 request-id=984 status=ok
2026-08-24T10:16:25 ERROR service-5 request-id=985 status=failed
2026-08-24T10:16:26 WARN service-6 request-id=986 status=ok
2026-08-24T10:16:27 DEBUG service-0 request-id=987 status=ok
2026-08-24T10:16:28 DEBUG service-1 request-id=988 status=ok
2026-08-24T10:16:29 WARN service-2 request-id=989 status=ok
2026-08-24T10:16:30 ERROR service-3 request-id=990 status=failed
2026-08-24T10:16:31 INFO service-4 request-id=991 status=ok
2026-08-24T10:16:32 ERROR service-5 request-id=992 status=failed
2026-08-24T10:16:33 ERROR service-6 request-id=993 status=failed
2026-08-24T10:16:34 INFO service-0 request-id=994 status=ok
2026-08-24T10:16:35 DEBUG service-1 request-id=995 status=ok
2026-08-24T10:16:36 ERROR service-2 request-id=996 status=failed
2026-08-24T10:16:37 WARN service-3 request-id=997 status=ok
2026-08-24T10:16:38 INFO service-4 request-id=998 status=ok
2026-08-24T10:16:39 DEBUG service-5 request-id=999 status=ok
2026-08-24T10:16:40 INFO service-6 request-id=1000 status=ok
2026-08-24T10:16:41 WARN service-0 request-id=1001 status=ok
2026-08-24T10:16:42 INFO service-1 request-id=1002 status=ok
2026-08-24T10:16:43 INFO service-2 request-id=1003 status=ok
2026-08-24T10:16:44 ERROR service-3 request-id=1004 status=failed
2026-08-24T10:16:45 WARN service-4 request-id=1005 status=ok
2026-08-24T10:16:46 WARN service-5 request-id=1006 status=ok
2026-08-24T10:16:47 WARN service-6 request-id=1007 status=ok
2026-08-24T10:16:48 INFO service-0 request-id=1008 status=ok
2026-08-24T10:16:49 WARN service-1 request-id=1009 status=ok
2026-08-24T10:16:50 WARN service-2 request-id=1010 status=ok
2026-08-24T10:16:51 WARN service-3 request-id=1011 status=ok
2026-08-24T10:16:52 ERROR service-4 request-id=1012 status=failed
2026-08-24T10:16:53 WARN service-5 request-id=1013 status=ok
2026-08-24T10:16:54 INFO service-6 request-id=1014 status=ok
2026-08-24T10:16:55 ERROR service-0 request-id=1015 status=failed
2026-08-24T10:16:56 WARN service-1 request-id=1016 status=ok
2026-08-24T10:16:57 WARN service-2 request-id=1017 status=ok
2026-08-24T10:16:58 ERROR service-3 request-id=1018 status=failed
2026-08-24T10:16:59 WARN service-4 request-id=1019 status=ok
2026-08-24T10:17:00 INFO service-5 request-id=1020 status=ok
2026-08-24T10:17:01 INFO service-6 request-id=1021 status=ok
2026-08-24T10:17:02 WARN service-0 request-id=1022 status=ok
2026-08-24T10:17:03 INFO service-1 request-id=1023 status=ok
2026-08-24T10:17:04 ERROR service-2 request-id=1024 status=failed
2026-08-24T10:17:05 WARN service-3 request-id=1025 status=ok
2026-08-24T10:17:06 ERROR service-4 request-id=1026 status=failed
2026-08-24T10:17:07 INFO service-5 request-id=1027 status=ok
2026-08-24T10:17:08 WARN service-6 request-id=1028 status=ok
2026-08-24T10:17:09 ERROR service-0 request-id=1029 status=failed
2026-08-24T10:17:10 INFO service-1 request-id=1030 status=ok
2026-08-24T10:17:11 WARN service-2 request-id=1031 status=ok
2026-08-24T10:17:12 DEBUG service-3 request-id=1032 status=ok
2026-08-24T10:17:13 INFO service-4 request-id=1033 status=ok
2026-08-24T10:17:14 INFO service-5 request-id=1034 status=ok
2026-08-24T10:17:15 DEBUG service-6 request-id=1035 status=ok
2026-08-24T10:17:16 DEBUG service-0 request-id=1036 status=ok
2026-08-24T10:17:17 ERROR service-1 request-id=1037 status=failed
2026-08-24T10:17:18 INFO service-2 request-id=1038 status=ok
2026-08-24T10:17:19 DEBUG service-3 request-id=1039 status=ok
2026-08-24T10:17:20 WARN service-4 request-id=1040 status=ok
2026-08-24T10:17:21 INFO service-5 request-id=1041 status=ok
2026-08-24T10:17:22 ERROR service-6 request-id=1042 status=failed
2026-08-24T10:17:23 DEBUG service-0 request-id=1043 status=ok
2026-08-24T10:17:24 INFO service-1 request-id=1044 status=ok
2026-08-24T10:17:25 INFO service-2 request-id=1045 status=ok
2026-08-24T10:17:26 DEBUG service-3 request-id=1046 status=ok
2026-08-24T10:17:27 DEBUG service-4 request-id=1047 status=ok
2026-08-24T10:17:28 DEBUG service-5 request-id=1048 status=ok
2026-08-24T10:17:29 INFO service-6 request-id=1049 status=ok
2026-08-24T10:17:30 DEBUG service-0 request-id=1050 status=ok
2026-08-24T10:17:31 DEBUG service-1 request-id=1051 status=ok
2026-08-24T10:17:32 INFO service-2 request-id=1052 status=ok
2026-08-24T10:17:33 INFO service-3 request-id=1053 status=ok
2026-08-24T10:17:34 ERROR service-4 request-id=1054 status=failed
2026-08-24T10:17:35 WARN service-5 request-id=1055 status=ok
2026-08-24T10:17:36 INFO service-6 request-id=1056 status=ok
2026-08-24T10:17:37 WARN service-0 request-id=1057 status=ok
2026-08-24T10:17:38 ERROR service-1 request-id=1058 status=failed
2026-08-24T10:17:39 ERROR service-2 request-id=1059 status=failed
2026-08-24T10:17:40 DEBUG service-3 request-id=1060 status=ok
2026-08-24T10:17:41 ERROR service-4 request-id=1061 status=failed
2026-08-24T10:17:42 DEBUG service-5 request-id=1062 status=ok
2026-08-24T10:17:43 DEBUG service-6 request-id=1063 status=ok
2026-08-24T10:17:44 INFO service-0 request-id=1064 status=ok
2026-08-24T10:17:45 INFO service-1 request-id=1065 status=ok
2026-08-24T10:17:46 WARN service-2 request-id=1066 status=ok
2026-08-24T10:17:47 DEBUG service-3 request-id=1067 status=ok
2026-08-24T10:17:48 DEBUG service-4 request-id=1068 status=ok
2026-08-24T10:17:49 WARN service-5 request-id=1069 status=ok
2026-08-24T10:17:50 DEBUG service-6 request-id=1070 status=ok
2026-08-24T10:17:51 ERROR service-0 request-id=1071 status=failed
2026-08-24T10:17:52 DEBUG service-1 request-id=1072 status=ok
2026-08-24T10:17:53 DEBUG service-2 request-id=1073 status=ok
2026-08-24T10:17:54 DEBUG service-3 request-id=1074 status=ok
2026-08-24T10:17:55 INFO service-4 request-id=1075 status=ok
2026-08-24T10:17:56 ERROR service-5 request-id=1076 status=failed
2026-08-24T10:17:57 DEBUG service-6 request-id=1077 status=ok
2026-08-24T10:17:58 ERROR service-0 request-id=1078 status=failed
2026-08-24T10:17:59 ERROR service-1 request-id=1079 status=failed
2026-08-24T10:18:00 ERROR service-2 request-id=1080 status=failed
2026-08-24T10:18:01 WARN service-3 request-id=1081 status=ok
2026-08-24T10:18:02 DEBUG service-4 request-id=1082 status=ok
2026-08-24T10:18:03 INFO service-5 request-id=1083 status=ok
2026-08-24T10:18:04 INFO service-6 request-id=1084 status=ok
2026-08-24T10:18:05 INFO service-0 request-id=1085 status=ok
2026-08-24T10:18:06 INFO service-1 request-id=1086 status=ok
2026-08-24T10:18:07 DEBUG service-2 request-id=1087 status=ok
2026-08-24T10:18:08 INFO service-3 request-id=1088 status=ok
2026-08-24T10:18:09 ERROR service-4 request-id=1089 status=failed
2026-08-24T10:18:10 WARN service-5 request-id=1090 status=ok
2026-08-24T10:18:11 INFO service-6 request-id=1091 status=ok
2026-08-24T10:18:12 ERROR service-0 request-id=1092 status=failed
2026-08-24T10:18:13 INFO service-1 request-id=1093 status=ok
2026-08-24T10:18:14 DEBUG service-2 request-id=1094 status=ok
2026-08-24T10:18:15 ERROR service-3 request-id=1095 status=failed
2026-08-24T10:18:16 DEBUG service-4 request-id=1096 status=ok
2026-08-24T10:18:17 INFO service-5 request-id=1097 status=ok
2026-08-24T10:18:18 ERROR service-6 request-id=1098 status=failed
2026-08-24T10:18:19 ERROR service-0 request-id=1099 status=failed
2026-08-24T10:18:20 ERROR service-1 request-id=1100 status=failed
2026-08-24T10:18:21 INFO service-2 request-id=1101 status=ok
2026-08-24T10:18:22 WARN service-3 request-id=1102 status=ok
2026-08-24T10:18:23 WARN service-4 request-id=1103 status=ok
2026-08-24T10:18:24 DEBUG service-5 request-id=1104 status=ok
2026-08-24T10:18:25 WARN service-6 request-id=1105 status=ok
2026-08-24T10:18:26 INFO service-0 request-id=1106 status=ok
2026-08-24T10:18:27 ERROR service-1 request-id=1107 status=failed
2026-08-24T10:18:28 ERROR service-2 request-id=1108 status=failed
2026-08-24T10:18:29 INFO service-3 request-id=1109 status=ok
2026-08-24T10:18:30 ERROR service-4 request-id=1110 status=failed
2026-08-24T10:18:31 WARN service-5 request-id=1111 status=ok
2026-08-24T10:18:32 DEBUG service-6 request-id=1112 status=ok
2026-08-24T10:18:33 INFO service-0 request-id=1113 status=ok
2026-08-24T10:18:34 ERROR service-1 request-id=1114 status=failed
2026-08-24T10:18:35 INFO service-2 request-id=1115 status=ok
2026-08-24T10:18:36 WARN service-3 request-id=1116 status=ok
2026-08-24T10:18:37 ERROR service-4 request-id=1117 status=failed
2026-08-24T10:18:38 ERROR service-5 request-id=1118 status=failed
2026-08-24T10:18:39 ERROR service-6 request-id=1119 status=failed
2026-08-24T10:18:40 ERROR service-0 request-id=1120 status=failed
2026-08-24T10:18:41 INFO service-1 request-id=1121 status=ok
2026-08-24T10:18:42 WARN service-2 request-id=1122 status=ok
2026-08-24T10:18:43 WARN service-3 request-id=1123 status=ok
2026-08-24T10:18:44 DEBUG service-4 request-id=1124 status=ok
2026-08-24T10:18:45 INFO service-5 request-id=1125 status=ok
2026-08-24T10:18:46 WARN service-6 request-id=1126 status=ok
2026-08-24T10:18:47 INFO service-0 request-id=1127 status=ok
2026-08-24T10:18:48 INFO service-1 request-id=1128 status=ok
2026-08-24T10:18:49 WARN service-2 request-id=1129 status=ok
2026-08-24T10:18:50 DEBUG service-3 request-id=1130 status=ok
2026-08-24T10:18:51 DEBUG service-4 request-id=1131 status=ok
2026-08-24T10:18:52 DEBUG service-5 request-id=1132 status=ok
2026-08-24T10:18:53 ERROR service-6 request-id=1133 status=failed
2026-08-24T10:18:54 WARN service-0 request-id=1134 status=ok
2026-08-24T10:18:55 ERROR service-1 request-id=1135 status=failed
2026-08-24T10:18:56 ERROR service-2 request-id=1136 status=failed
2026-08-24T10:18:57 ERROR service-3 request-id=1137 status=failed
2026-08-24T10:18:58 INFO service-4 request-id=1138 status=ok
2026-08-24T10:18:59 INFO service-5 request-id=1139 status=ok
2026-08-24T10:19:00 WARN service-6 request-id=1140 status=ok
2026-08-24T10:19:01 WARN service-0 request-id=1141 status=ok
2026-08-24T10:19:02 INFO service-1 request-id=1142 status=ok
2026-08-24T10:19:03 INFO service-2 request-id=1143 status=ok
2026-08-24T10:19:04 ERROR service-3 request-id=1144 status=failed
2026-08-24T10:19:05 DEBUG service-4 request-id=1145 status=ok
2026-08-24T10:19:06 DEBUG service-5 request-id=1146 status=ok
2026-08-24T10:19:07 DEBUG service-6 request-id=1147 status=ok
2026-08-24T10:19:08 DEBUG service-0 request-id=1148 status=ok
2026-08-24T10:19:09 DEBUG service-1 request-id=1149 status=ok
2026-08-24T10:19:10 ERROR service-2 request-id=1150 status=failed
2026-08-24T10:19:11 WARN service-3 request-id=1151 status=ok
2026-08-24T10:19:12 INFO service-4 request-id=1152 status=ok
2026-08-24T10:19:13 ERROR service-5 request-id=1153 status=failed
2026-08-24T10:19:14 DEBUG service-6 request-id=1154 status=ok
2026-08-24T10:19:15 INFO service-0 request-id=1155 status=ok
2026-08-24T10:19:16 ERROR service-1 request-id=1156 status=failed
2026-08-24T10:19:17 DEBUG service-2 request-id=1157 status=ok
2026-08-24T10:19:18 ERROR service-3 request-id=1158 status=failed
2026-08-24T10:19:19 INFO service-4 request-id=1159 status=ok
2026-08-24T10:19:20 WARN service-5 request-id=1160 status=ok
2026-08-24T10:19:21 DEBUG service-6 request-id=1161 status=ok
2026-08-24T10:19:22 INFO service-0 request-id=1162 status=ok
2026-08-24T10:19:23 INFO service-1 request-id=1163 status=ok
2026-08-24T10:19:24 WARN service-2 request-id=1164 status=ok
2026-08-24T10:19:25 ERROR service-3 request-id=1165 status=failed
2026-08-24T10:19:26 WARN service-4 request-id=1166 status=ok
2026-08-24T10:19:27 WARN service-5 request-id=1167 status=ok
2026-08-24T10:19:28 ERROR service-6 request-id=1168 status=failed
2026-08-24T10:19:29 ERROR service-0 request-id=1169 status=failed
2026-08-24T10:19:30 ERROR service-1 request-id=1170 status=failed
2026-08-24T10:19:31 INFO service-2 request-id=1171 status=ok
2026-08-24T10:19:32 INFO service-3 request-id=1172 status=ok
2026-08-24T10:19:33 DEBUG service-4 request-id=1173 status=ok
2026-08-24T10:19:34 DEBUG service-5 request-id=1174 status=ok
2026-08-24T10:19:35 WARN service-6 request-id=1175 status=ok
2026-08-24T10:19:36 WARN service-0 request-id=1176 status=ok
2026-08-24T10:19:37 DEBUG service-1 request-id=1177 status=ok
2026-08-24T10:19:38 WARN service-2 request-id=1178 status=ok
2026-08-24T10:19:39 ERROR service-3 request-id=1179 status=failed
2026-08-24T10:19:40 INFO service-4 request-id=1180 status=ok
2026-08-24T10:19:41 DEBUG service-5 request-id=1181 status=ok
2026-08-24T10:19:42 INFO service-6 request-id=1182 status=ok
2026-08-24T10:19:43 DEBUG service-0 request-id=1183 status=ok
2026-08-24T10:19:44 INFO service-1 request-id=1184 status=ok
2026-08-24T10:19:45 DEBUG service-2 request-id=1185 status=ok
2026-08-24T10:19:46 INFO service-3 request-id=1186 status=ok
2026-08-24T10:19:47 ERROR service-4 request-id=1187 status=failed
2026-08-24T10:19:48 DEBUG service-5 request-id=1188 status=ok
2026-08-24T10:19:49 DEBUG service-6 request-id=1189 status=ok
2026-08-24T10:19:50 DEBUG service-0 request-id=1190 status=ok
2026-08-24T10:19:51 ERROR service-1 request-id=1191 status=failed
2026-08-24T10:19:52 INFO service-2 request-id=1192 status=ok
2026-08-24T10:19:53 DEBUG service-3 request-id=1193 status=ok
2026-08-24T10:19:54 INFO service-4 request-id=1194 status=ok
2026-08-24T10:19:55 ERROR service-5 request-id=1195 status=failed
2026-08-24T10:19:56 WARN service-6 request-id=1196 status=ok
2026-08-24T10:19:57 DEBUG service-0 request-id=1197 status=ok
2026-08-24T10:19:58 ERROR service-1 request-id=1198 status=failed
2026-08-24T10:19:59 INFO service-2 request-id=1199 status=ok
2026-08-24T10:20:00 DEBUG service-3 request-id=1200 status=ok
2026-08-24T10:20:01 INFO service-4 request-id=1201 status=ok
2026-08-24T10:20:02 WARN service-5 request-id=1202 status=ok
2026-08-24T10:20:03 DEBUG service-6 request-id=1203 status=ok
2026-08-24T10:20:04 DEBUG service-0 request-id=1204 status=ok
2026-08-24T10:20:05 INFO service-1 request-id=1205 status=ok
2026-08-24T10:20:06 DEBUG service-2 request-id=1206 status=ok
2026-08-24T10:20:07 ERROR service-3 request-id=1207 status=failed
2026-08-24T10:20:08 ERROR service-4 request-id=1208 status=failed
2026-08-24T10:20:09 WARN service-5 request-id=1209 status=ok
2026-08-24T10:20:10 ERROR service-6 request-id=1210 status=failed
2026-08-24T10:20:11 WARN service-0 request-id=1211 status=ok
2026-08-24T10:20:12 INFO service-1 request-id=1212 status=ok
2026-08-24T10:20:13 INFO service-2 request-id=1213 status=ok
2026-08-24T10:20:14 WARN service-3 request-id=1214 status=ok
2026-08-24T10:20:15 ERROR service-4 request-id=1215 status=failed
2026-08-24T10:20:16 ERROR service-5 request-id=1216 status=failed
2026-08-24T10:20:17 WARN service-6 request-id=1217 status=ok
2026-08-24T10:20:18 WARN service-0 request-id=1218 status=ok
2026-08-24T10:20:19 INFO service-1 request-id=1219 status=ok
2026-08-24T10:20:20 WARN service-2 request-id=1220 status=ok
2026-08-24T10:20:21 ERROR service-3 request-id=1221 status=failed
2026-08-24T10:20:22 WARN service-4 request-id=1222 status=ok
2026-08-24T10:20:23 WARN service-5 request-id=1223 status=ok
2026-08-24T10:20:24 WARN service-6 request-id=1224 status=ok
2026-08-24T10:20:25 INFO service-0 request-id=1225 status=ok
2026-08-24T10:20:26 WARN service-1 request-id=1226 status=ok
2026-08-24T10:20:27 DEBUG service-2 request-id=1227 status=ok
2026-08-24T10:20:28 DEBUG service-3 request-id=1228 status=ok
2026-08-24T10:20:29 DEBUG service-4 request-id=1229 status=ok
2026-08-24T10:20:30 ERROR service-5 request-id=1230 status=failed
2026-08-24T10:20:31 ERROR service-6 request-id=1231 status=failed
2026-08-24T10:20:32 WARN service-0 request-id=1232 status=ok
2026-08-24T10:20:33 DEBUG service-1 request-id=1233 status=ok
2026-08-24T10:20:34 INFO service-2 request-id=1234 status=ok
2026-08-24T10:20:35 DEBUG service-3 request-id=1235 status=ok
2026-08-24T10:20:36 DEBUG service-4 request-id=1236 status=ok
2026-08-24T10:20:37 ERROR service-5 request-id=1237 status=failed
2026-08-24T10:20:38 ERROR service-6 request-id=1238 status=failed
2026-08-24T10:20:39 INFO service-0 request-id=1239 status=ok
2026-08-24T10:20:40 ERROR service-1 request-id=1240 status=failed
2026-08-24T10:20:41 INFO service-2 request-id=1241 status=ok
2026-08-24T10:20:42 ERROR service-3 request-id=1242 status=failed
2026-08-24T10:20:43 DEBUG service-4 request-id=1243 status=ok
2026-08-24T10:20:44 DEBUG service-5 request-id=1244 status=ok
2026-08-24T10:20:45 INFO service-6 request-id=1245 status=ok
2026-08-24T10:20:46 INFO service-0 request-id=1246 status=ok
2026-08-24T10:20:47 ERROR service-1 request-id=1247 status=failed
2026-08-24T10:20:48 ERROR service-2 request-id=1248 status=failed
2026-08-24T10:20:49 INFO service-3 request-id=1249 status=ok
2026-08-24T10:20:50 INFO service-4 request-id=1250 status=ok
2026-08-24T10:20:51 DEBUG service-5 request-id=1251 status=ok
2026-08-24T10:20:52 DEBUG service-6 request-id=1252 status=ok
2026-08-24T10:20:53 INFO service-0 request-id=1253 status=ok
2026-08-24T10:20:54 DEBUG service-1 request-id=1254 status=ok
2026-08-24T10:20:55 WARN service-2 request-id=1255 status=ok
2026-08-24T10:20:56 ERROR service-3 request-id=1256 status=failed
2026-08-24T10:20:57 DEBUG service-4 request-id=1257 status=ok
2026-08-24T10:20:58 WARN service-5 request-id=1258 status=ok
2026-08-24T10:20:59 INFO service-6 request-id=1259 status=ok
2026-08-24T10:21:00 DEBUG service-0 request-id=1260 status=ok
2026-08-24T10:21:01 INFO service-1 request-id=1261 status=ok
2026-08-24T10:21:02 ERROR service-2 request-id=1262 status=failed
2026-08-24T10:21:03 INFO service-3 request-id=1263 status=ok
2026-08-24T10:21:04 WARN service-4 request-id=1264 status=ok
2026-08-24T10:21:05 INFO service-5 request-id=1265 status=ok
2026-08-24T10:21:06 WARN service-6 request-id=1266 status=ok
2026-08-24T10:21:07 DEBUG service-0 request-id=1267 status=ok
2026-08-24T10:21:08 DEBUG service-1 request-id=1268 status=ok
2026-08-24T10:21:09 WARN service-2 request-id=1269 status=ok
2026-08-24T10:21:10 ERROR service-3 request-id=1270 status=failed
2026-08-24T10:21:11 ERROR service-4 request-id=1271 status=failed
2026-08-24T10:21:12 ERROR service-5 request-id=1272 status=failed
2026-08-24T10:21:13 DEBUG service-6 request-id=1273 status=ok
2026-08-24T10:21:14 DEBUG service-0 request-id=1274 status=ok
2026-08-24T10:21:15 ERROR service-1 request-id=1275 status=failed
2026-08-24T10:21:16 INFO service-2 request-id=1276 status=ok
2026-08-24T10:21:17 ERROR service-3 request-id=1277 status=failed
2026-08-24T10:21:18 INFO service-4 request-id=1278 status=ok
2026-08-24T10:21:19 ERROR service-5 request-id=1279 status=failed
2026-08-24T10:21:20 INFO service-6 request-id=1280 status=ok
2026-08-24T10:21:21 DEBUG service-0 request-id=1281 status=ok
2026-08-24T10:21:22 ERROR service-1 request-id=1282 status=failed
2026-08-24T10:21:23 ERROR service-2 request-id=1283 status=failed
2026-08-24T10:21:24 WARN service-3 request-id=1284 status=ok
2026-08-24T10:21:25 ERROR service-4 request-id=1285 status=failed
2026-08-24T10:21:26 INFO service-5 request-id=1286 status=ok
2026-08-24T10:21:27 WARN service-6 request-id=1287 status=ok
2026-08-24T10:21:28 ERROR service-0 request-id=1288 status=failed
2026-08-24T10:21:29 ERROR service-1 request-id=1289 status=failed
2026-08-24T10:21:30 DEBUG service-2 request-id=1290 status=ok
2026-08-24T10:21:31 WARN service-3 request-id=1291 status=ok
2026-08-24T10:21:32 INFO service-4 request-id=1292 status=ok
2026-08-24T10:21:33 ERROR service-5 request-id=1293 status=failed
2026-08-24T10:21:34 DEBUG service-6 request-id=1294 status=ok
2026-08-24T10:21:35 ERROR service-0 request-id=1295 status=failed
2026-08-24T10:21:36 WARN service-1 request-id=1296 status=ok
2026-08-24T10:21:37 INFO service-2 request-id=1297 status=ok
2026-08-24T10:21:38 DEBUG service-3 request-id=1298 status=ok
2026-08-24T10:21:39 ERROR service-4 request-id=1299 status=failed
2026-08-24T10:21:40 INFO service-5 request-id=1300 status=ok
2026-08-24T10:21:41 ERROR service-6 request-id=1301 status=failed
2026-08-24T10:21:42 ERROR service-0 request-id=1302 status=failed
2026-08-24T10:21:43 WARN service-1 request-id=1303 status=ok
2026-08-24T10:21:44 WARN service-2 request-id=1304 status=ok
2026-08-24T10:21:45 ERROR service-3 request-id=1305 status=failed
2026-08-24T10:21:46 DEBUG service-4 request-id=1306 status=ok
2026-08-24T10:21:47 WARN service-5 request-id=1307 status=ok
2026-08-24T10:21:48 WARN service-6 request-id=1308 status=ok
2026-08-24T10:21:49 WARN service-0 request-id=1309 status=ok
2026-08-24T10:21:50 WARN service-1 request-id=1310 status=ok
2026-08-24T10:21:51 INFO service-2 request-id=1311 status=ok
2026-08-24T10:21:52 ERROR service-3 request-id=1312 status=failed
2026-08-24T10:21:53 INFO service-4 request-id=1313 status=ok
2026-08-24T10:21:54 INFO service-5 request-id=1314 status=ok
2026-08-24T10:21:55 ERROR service-6 request-id=1315 status=failed
2026-08-24T10:21:56 WARN service-0 request-id=1316 status=ok
2026-08-24T10:21:57 DEBUG service-1 request-id=1317 status=ok
2026-08-24T10:21:58 WARN service-2 request-id=1318 status=ok
2026-08-24T10:21:59 WARN service-3 request-id=1319 status=ok
2026-08-24T10:22:00 WARN service-4 request-id=1320 status=ok
2026-08-24T10:22:01 WARN service-5 request-id=1321 status=ok
2026-08-24T10:22:02 DEBUG service-6 request-id=1322 status=ok
2026-08-24T10:22:03 INFO service-0 request-id=1323 status=ok
2026-08-24T10:22:04 DEBUG service-1 request-id=1324 status=ok
2026-08-24T10:22:05 ERROR service-2 request-id=1325 status=failed
2026-08-24T10:22:06 WARN service-3 request-id=1326 status=ok
2026-08-24T10:22:07 DEBUG service-4 request-id=1327 status=ok
2026-08-24T10:22:08 ERROR service-5 request-id=1328 status=failed
2026-08-24T10:22:09 DEBUG service-6 request-id=1329 status=ok
2026-08-24T10:22:10 WARN service-0 request-id=1330 status=ok
2026-08-24T10:22:11 WARN service-1 request-id=1331 status=ok
2026-08-24T10:22:12 ERROR service-2 request-id=1332 status=failed
2026-08-24T10:22:13 DEBUG service-3 request-id=1333 status=ok
2026-08-24T10:22:14 WARN service-4 request-id=1334 status=ok
2026-08-24T10:22:15 ERROR service-5 request-id=1335 status=failed
2026-08-24T10:22:16 DEBUG service-6 request-id=1336 status=ok
2026-08-24T10:22:17 DEBUG service-0 request-id=1337 status=ok
2026-08-24T10:22:18 ERROR service-1 request-id=1338 status=failed
2026-08-24T10:22:19 DEBUG service-2 request-id=1339 status=ok
2026-08-24T10:22:20 DEBUG service-3 request-id=1340 status=ok
2026-08-24T10:22:21 WARN service-4 request-id=1341 status=ok
2026-08-24T10:22:22 WARN service-5 request-id=1342 status=ok
2026-08-24T10:22:23 WARN service-6 request-id=1343 status=ok
2026-08-24T10:22:24 ERROR service-0 request-id=1344 status=failed
2026-08-24T10:22:25 INFO service-1 request-id=1345 status=ok
2026-08-24T10:22:26 DEBUG service-2 request-id=1346 status=ok
2026-08-24T10:22:27 ERROR service-3 request-id=1347 status=failed
2026-08-24T10:22:28 INFO service-4 request-id=1348 status=ok
2026-08-24T10:22:29 INFO service-5 request-id=1349 status=ok
2026-08-24T10:22:30 ERROR service-6 request-id=1350 status=failed
2026-08-24T10:22:31 INFO service-0 request-id=1351 status=ok
2026-08-24T10:22:32 WARN service-1 request-id=1352 status=ok
2026-08-24T10:22:33 ERROR service-2 request-id=1353 status=failed
2026-08-24T10:22:34 DEBUG service-3 request-id=1354 status=ok
2026-08-24T10:22:35 WARN service-4 request-id=1355 status=ok
2026-08-24T10:22:36 DEBUG service-5 request-id=1356 status=ok
2026-08-24T10:22:37 INFO service-6 request-id=1357 status=ok
2026-08-24T10:22:38 WARN service-0 request-id=1358 status=ok
2026-08-24T10:22:39 DEBUG service-1 request-id=1359 status=ok
2026-08-24T10:22:40 ERROR service-2 request-id=1360 status=failed
2026-08-24T10:22:41 INFO service-3 request-id=1361 status=ok
2026-08-24T10:22:42 DEBUG service-4 request-id=1362 status=ok
2026-08-24T10:22:43 INFO service-5 request-id=1363 status=ok
2026-08-24T10:22:44 DEBUG service-6 request-id=1364 status=ok
2026-08-24T10:22:45 ERROR service-0 request-id=1365 status=failed
2026-08-24T10:22:46 WARN service-1 request-id=1366 status=ok
2026-08-24T10:22:47 DEBUG service-2 request-id=1367 status=ok
2026-08-24T10:22:48 INFO service-3 request-id=1368 status=ok
2026-08-24T10:22:49 ERROR service-4 request-id=1369 status=failed
2026-08-24T10:22:50 WARN service-5 request-id=1370 status=ok
2026-08-24T10:22:51 INFO service-6 request-id=1371 status=ok
2026-08-24T10:22:52 ERROR service-0 request-id=1372 status=failed
2026-08-24T10:22:53 INFO service-1 request-id=1373 status=ok
2026-08-24T10:22:54 ERROR service-2 request-id=1374 status=failed
2026-08-24T10:22:55 WARN service-3 request-id=1375 status=ok
2026-08-24T10:22:56 WARN service-4 request-id=1376 status=ok
2026-08-24T10:22:57 INFO service-5 request-id=1377 status=ok
2026-08-24T10:22:58 ERROR service-6 request-id=1378 status=failed
2026-08-24T10:22:59 DEBUG service-0 request-id=1379 status=ok
2026-08-24T10:23:00 WARN service-1 request-id=1380 status=ok
2026-08-24T10:23:01 DEBUG service-2 request-id=1381 status=ok
2026-08-24T10:23:02 DEBUG service-3 request-id=1382 status=ok
2026-08-24T10:23:03 INFO service-4 request-id=1383 status=ok
2026-08-24T10:23:04 INFO service-5 request-id=1384 status=ok
2026-08-24T10:23:05 INFO service-6 request-id=1385 status=ok
2026-08-24T10:23:06 ERROR service-0 request-id=1386 status=failed
2026-08-24T10:23:07 WARN service-1 request-id=1387 status=ok
2026-08-24T10:23:08 WARN service-2 request-id=1388 status=ok
2026-08-24T10:23:09 DEBUG service-3 request-id=1389 status=ok
2026-08-24T10:23:10 INFO service-4 request-id=1390 status=ok
2026-08-24T10:23:11 ERROR service-5 request-id=1391 status=failed
2026-08-24T10:23:12 WARN service-6 request-id=1392 status=ok
2026-08-24T10:23:13 ERROR service-0 request-id=1393 status=failed
2026-08-24T10:23:14 INFO service-1 request-id=1394 status=ok
2026-08-24T10:23:15 INFO service-2 request-id=1395 status=ok
2026-08-24T10:23:16 WARN service-3 request-id=1396 status=ok
2026-08-24T10:23:17 DEBUG service-4 request-id=1397 status=ok
2026-08-24T10:23:18 DEBUG service-5 request-id=1398 status=ok
2026-08-24T10:23:19 INFO service-6 request-id=1399 status=ok
2026-08-24T10:23:20 INFO service-0 request-id=1400 status=ok
2026-08-24T10:23:21 DEBUG service-1 request-id=1401 status=ok
2026-08-24T10:23:22 INFO service-2 request-id=1402 status=ok
2026-08-24T10:23:23 WARN service-3 request-id=1403 status=ok
2026-08-24T10:23:24 WARN service-4 request-id=1404 status=ok
2026-08-24T10:23:25 ERROR service-5 request-id=1405 status=failed
2026-08-24T10:23:26 DEBUG service-6 request-id=1406 status=ok
2026-08-24T10:23:27 INFO service-0 request-id=1407 status=ok
2026-08-24T10:23:28 ERROR service-1 request-id=1408 status=failed
2026-08-24T10:23:29 WARN service-2 request-id=1409 status=ok
2026-08-24T10:23:30 DEBUG service-3 request-id=1410 status=ok
2026-08-24T10:23:31 WARN service-4 request-id=1411 status=ok
2026-08-24T10:23:32 INFO service-5 request-id=1412 status=ok
2026-08-24T10:23:33 ERROR service-6 request-id=1413 status=failed
2026-08-24T10:23:34 INFO service-0 request-id=1414 status=ok
2026-08-24T10:23:35 INFO service-1 request-id=1415 status=ok
2026-08-24T10:23:36 DEBUG service-2 request-id=1416 status=ok
2026-08-24T10:23:37 DEBUG service-3 request-id=1417 status=ok
2026-08-24T10:23:38 INFO service-4 request-id=1418 status=ok
2026-08-24T10:23:39 DEBUG service-5 request-id=1419 status=ok
2026-08-24T10:23:40 ERROR service-6 request-id=1420 status=failed
2026-08-24T10:23:41 ERROR service-0 request-id=1421 status=failed
2026-08-24T10:23:42 INFO service-1 request-id=1422 status=ok
2026-08-24T10:23:43 ERROR service-2 request-id=1423 status=failed
2026-08-24T10:23:44 INFO service-3 request-id=1424 status=ok
2026-08-24T10:23:45 ERROR service-4 request-id=1425 status=failed
2026-08-24T10:23:46 WARN service-5 request-id=1426 status=ok
2026-08-24T10:23:47 INFO service-6 request-id=1427 status=ok
2026-08-24T10:23:48 ERROR service-0 request-id=1428 status=failed
2026-08-24T10:23:49 WARN service-1 request-id=1429 status=ok
2026-08-24T10:23:50 INFO service-2 request-id=1430 status=ok
2026-08-24T10:23:51 ERROR service-3 request-id=1431 status=failed
2026-08-24T10:23:52 ERROR service-4 request-id=1432 status=failed
2026-08-24T10:23:53 WARN service-5 request-id=1433 status=ok
2026-08-24T10:23:54 DEBUG service-6 request-id=1434 status=ok
2026-08-24T10:23:55 DEBUG service-0 request-id=1435 status=ok
2026-08-24T10:23:56 WARN service-1 request-id=1436 status=ok
2026-08-24T10:23:57 WARN service-2 request-id=1437 status=ok
2026-08-24T10:23:58 INFO service-3 request-id=1438 status=ok
2026-08-24T10:23:59 DEBUG service-4 request-id=1439 status=ok
2026-08-24T10:24:00 INFO service-5 request-id=1440 status=ok
2026-08-24T10:24:01 ERROR service-6 request-id=1441 status=failed
2026-08-24T10:24:02 WARN service-0 request-id=1442 status=ok
2026-08-24T10:24:03 INFO service-1 request-id=1443 status=ok
2026-08-24T10:24:04 WARN service-2 request-id=1444 status=ok
2026-08-24T10:24:05 INFO service-3 request-id=1445 status=ok
2026-08-24T10:24:06 ERROR service-4 request-id=1446 status=failed
2026-08-24T10:24:07 ERROR service-5 request-id=1447 status=failed
2026-08-24T10:24:08 DEBUG service-6 request-id=1448 status=ok
2026-08-24T10:24:09 DEBUG service-0 request-id=1449 status=ok
2026-08-24T10:24:10 ERROR service-1 request-id=1450 status=failed
2026-08-24T10:24:11 INFO service-2 request-id=1451 status=ok
2026-08-24T10:24:12 WARN service-3 request-id=1452 status=ok
2026-08-24T10:24:13 ERROR service-4 request-id=1453 status=failed
2026-08-24T10:24:14 ERROR service-5 request-id=1454 status=failed
2026-08-24T10:24:15 INFO service-6 request-id=1455 status=ok
2026-08-24T10:24:16 ERROR service-0 request-id=1456 status=failed
2026-08-24T10:24:17 ERROR service-1 request-id=1457 status=failed
2026-08-24T10:24:18 INFO service-2 request-id=1458 status=ok
2026-08-24T10:24:19 ERROR service-3 request-id=1459 status=failed
2026-08-24T10:24:20 DEBUG service-4 request-id=1460 status=ok
2026-08-24T10:24:21 DEBUG service-5 request-id=1461 status=ok
2026-08-24T10:24:22 DEBUG service-6 request-id=1462 status=ok
2026-08-24T10:24:23 DEBUG service-0 request-id=1463 status=ok
2026-08-24T10:24:24 ERROR service-1 request-id=1464 status=failed
2026-08-24T10:24:25 WARN service-2 request-id=1465 status=ok
2026-08-24T10:24:26 DEBUG service-3 request-id=1466 status=ok
2026-08-24T10:24:27 DEBUG service-4 request-id=1467 status=ok
2026-08-24T10:24:28 ERROR service-5 request-id=1468 status=failed
2026-08-24T10:24:29 ERROR service-6 request-id=1469 status=failed
2026-08-24T10:24:30 INFO service-0 request-id=1470 status=ok
2026-08-24T10:24:31 DEBUG service-1 request-id=1471 status=ok
2026-08-24T10:24:32 INFO service-2 request-id=1472 status=ok
2026-08-24T10:24:33 DEBUG service-3 request-id=1473 status=ok
2026-08-24T10:24:34 WARN service-4 request-id=1474 status=ok
2026-08-24T10:24:35 ERROR service-5 request-id=1475 status=failed
2026-08-24T10:24:36 ERROR service-6 request-id=1476 status=failed
2026-08-24T10:24:37 INFO service-0 request-id=1477 status=ok
2026-08-24T10:24:38 INFO service-1 request-id=1478 status=ok
2026-08-24T10:24:39 ERROR service-2 request-id=1479 status=failed
2026-08-24T10:24:40 ERROR service-3 request-id=1480 status=failed
2026-08-24T10:24:41 ERROR service-4 request-id=1481 status=failed
2026-08-24T10:24:42 DEBUG service-5 request-id=1482 status=ok
2026-08-24T10:24:43 DEBUG service-6 request-id=1483 status=ok
2026-08-24T10:24:44 WARN service-0 request-id=1484 status=ok
2026-08-24T10:24:45 DEBUG service-1 request-id=1485 status=ok
2026-08-24T10:24:46 ERROR service-2 request-id=1486 status=failed
2026-08-24T10:24:47 DEBUG service-3 request-id=1487 status=ok
2026-08-24T10:24:48 INFO service-4 request-id=1488 status=ok
2026-08-24T10:24:49 ERROR service-5 request-id=1489 status=failed
2026-08-24T10:24:50 DEBUG service-6 request-id=1490 status=ok
2026-08-24T10:24:51 ERROR service-0 request-id=1491 status=failed
2026-08-24T10:24:52 INFO service-1 request-id=1492 status=ok
2026-08-24T10:24:53 INFO service-2 request-id=1493 status=ok
2026-08-24T10:24:54 DEBUG service-3 request-id=1494 status=ok
2026-08-24T10:24:55 ERROR service-4 request-id=1495 status=failed
2026-08-24T10:24:56 WARN service-5 request-id=1496 status=ok
2026-08-24T10:24:57 INFO service-6 request-id=1497 status=ok
2026-08-24T10:24:58 WARN service-0 request-id=1498 status=ok
2026-08-24T10:24:59 DEBUG service-1 request-id=1499 status=ok
2026-08-24T10:25:00 INFO service-2 request-id=1500 status=ok
2026-08-24T10:25:01 WARN service-3 request-id=1501 status=ok
2026-08-24T10:25:02 INFO service-4 request-id=1502 status=ok
2026-08-24T10:25:03 WARN service-5 request-id=1503 status=ok
2026-08-24T10:25:04 ERROR service-6 request-id=1504 status=failed
2026-08-24T10:25:05 ERROR service-0 request-id=1505 status=failed
2026-08-24T10:25:06 DEBUG service-1 request-id=1506 status=ok
2026-08-24T10:25:07 INFO service-2 request-id=1507 status=ok
2026-08-24T10:25:08 WARN service-3 request-id=1508 status=ok
2026-08-24T10:25:09 DEBUG service-4 request-id=1509 status=ok
2026-08-24T10:25:10 ERROR service-5 request-id=1510 status=failed
2026-08-24T10:25:11 ERROR service-6 request-id=1511 status=failed
2026-08-24T10:25:12 DEBUG service-0 request-id=1512 status=ok
2026-08-24T10:25:13 INFO service-1 request-id=1513 status=ok
2026-08-24T10:25:14 WARN service-2 request-id=1514 status=ok
2026-08-24T10:25:15 ERROR service-3 request-id=1515 status=failed
2026-08-24T10:25:16 DEBUG service-4 request-id=1516 status=ok
2026-08-24T10:25:17 ERROR service-5 request-id=1517 status=failed
2026-08-24T10:25:18 ERROR service-6 request-id=1518 status=failed
2026-08-24T10:25:19 WARN service-0 request-id=1519 status=ok
2026-08-24T10:25:20 INFO service-1 request-id=1520 status=ok
2026-08-24T10:25:21 INFO service-2 request-id=1521 status=ok
2026-08-24T10:25:22 WARN service-3 request-id=1522 status=ok
2026-08-24T10:25:23 DEBUG service-4 request-id=1523 status=ok
2026-08-24T10:25:24 DEBUG service-5 request-id=1524 status=ok
2026-08-24T10:25:25 INFO service-6 request-id=1525 status=ok
2026-08-24T10:25:26 ERROR service-0 request-id=1526 status=failed
2026-08-24T10:25:27 ERROR service-1 request-id=1527 status=failed
2026-08-24T10:25:28 DEBUG service-2 request-id=1528 status=ok
2026-08-24T10:25:29 WARN service-3 request-id=1529 status=ok
2026-08-24T10:25:30 ERROR service-4 request-id=1530 status=failed
2026-08-24T10:25:31 DEBUG service-5 request-id=1531 status=ok
2026-08-24T10:25:32 WARN service-6 request-id=1532 status=ok
2026-08-24T10:25:33 INFO service-0 request-id=1533 status=ok
2026-08-24T10:25:34 WARN service-1 request-id=1534 status=ok
2026-08-24T10:25:35 INFO service-2 request-id=1535 status=ok
2026-08-24T10:25:36 DEBUG service-3 request-id=1536 status=ok
2026-08-24T10:25:37 WARN service-4 request-id=1537 status=ok
2026-08-24T10:25:38 DEBUG service-5 request-id=1538 status=ok
2026-08-24T10:25:39 INFO service-6 request-id=1539 status=ok
2026-08-24T10:25:40 ERROR service-0 request-id=1540 status=failed
2026-08-24T10:25:41 ERROR service-1 request-id=1541 status=failed
2026-08-24T10:25:42 INFO service-2 request-id=1542 status=ok
2026-08-24T10:25:43 ERROR service-3 request-id=1543 status=failed
2026-08-24T10:25:44 ERROR service-4 request-id=1544 status=failed
2026-08-24T10:25:45 WARN service-5 request-id=1545 status=ok
2026-08-24T10:25:46 WARN service-6 request-id=1546 status=ok
2026-08-24T10:25:47 ERROR service-0 request-id=1547 status=failed
2026-08-24T10:25:48 WARN service-1 request-id=1548 status=ok
2026-08-24T10:25:49 INFO service-2 request-id=1549 status=ok
2026-08-24T10:25:50 WARN service-3 request-id=1550 status=ok
2026-08-24T10:25:51 WARN service-4 request-id=1551 status=ok
2026-08-24T10:25:52 WARN service-5 request-id=1552 status=ok
2026-08-24T10:25:53 DEBUG service-6 request-id=1553 status=ok
2026-08-24T10:25:54 INFO service-0 request-id=1554 status=ok
2026-08-24T10:25:55 ERROR service-1 request-id=1555 status=failed
2026-08-24T10:25:56 ERROR service-2 request-id=1556 status=failed
2026-08-24T10:25:57 DEBUG service-3 request-id=1557 status=ok
2026-08-24T10:25:58 WARN service-4 request-id=1558 status=ok
2026-08-24T10:25:59 INFO service-5 request-id=1559 status=ok
2026-08-24T10:26:00 INFO service-6 request-id=1560 status=ok
2026-08-24T10:26:01 ERROR service-0 request-id=1561 status=failed
2026-08-24T10:26:02 DEBUG service-1 request-id=1562 status=ok
2026-08-24T10:26:03 DEBUG service-2 request-id=1563 status=ok
2026-08-24T10:26:04 DEBUG service-3 request-id=1564 status=ok
2026-08-24T10:26:05 DEBUG service-4 request-id=1565 status=ok
2026-08-24T10:26:06 INFO service-5 request-id=1566 status=ok
2026-08-24T10:26:07 WARN service-6 request-id=1567 status=ok
2026-08-24T10:26:08 ERROR service-0 request-id=1568 status=failed
2026-08-24T10:26:09 INFO service-1 request-id=1569 status=ok
2026-08-24T10:26:10 DEBUG service-2 request-id=1570 status=ok
2026-08-24T10:26:11 DEBUG service-3 request-id=1571 status=ok
2026-08-24T10:26:12 ERROR service-4 request-id=1572 status=failed
2026-08-24T10:26:13 WARN service-5 request-id=1573 status=ok
2026-08-24T10:26:14 WARN service-6 request-id=1574 status=ok
2026-08-24T10:26:15 WARN service-0 request-id=1575 status=ok
2026-08-24T10:26:16 DEBUG service-1 request-id=1576 status=ok
2026-08-24T10:26:17 INFO service-2 request-id=1577 status=ok
2026-08-24T10:26:18 INFO service-3 request-id=1578 status=ok
2026-08-24T10:26:19 WARN service-4 request-id=1579 status=ok
2026-08-24T10:26:20 ERROR service-5 request-id=1580 status=failed
2026-08-24T10:26:21 WARN service-6 request-id=1581 status=ok
2026-08-24T10:26:22 WARN service-0 request-id=1582 status=ok
2026-08-24T10:26:23 ERROR service-1 request-id=1583 status=failed
2026-08-24T10:26:24 WARN service-2 request-id=1584 status=ok
2026-08-24T10:26:25 ERROR service-3 request-id=1585 status=failed
2026-08-24T10:26:26 ERROR service-4 request-id=1586 status=failed
2026-08-24T10:26:27 INFO service-5 request-id=1587 status=ok
2026-08-24T10:26:28 ERROR service-6 request-id=1588 status=failed
2026-08-24T10:26:29 WARN service-0 request-id=1589 status=ok
2026-08-24T10:26:30 ERROR service-1 request-id=1590 status=failed
2026-08-24T10:26:31 WARN service-2 request-id=1591 status=ok
2026-08-24T10:26:32 ERROR service-3 request-id=1592 status=failed
2026-08-24T10:26:33 INFO service-4 request-id=1593 status=ok
2026-08-24T10:26:34 WARN service-5 request-id=1594 status=ok
2026-08-24T10:26:35 WARN service-6 request-id=1595 status=ok
2026-08-24T10:26:36 WARN service-0 request-id=1596 status=ok
2026-08-24T10:26:37 ERROR service-1 request-id=1597 status=failed
2026-08-24T10:26:38 INFO service-2 request-id=1598 status=ok
2026-08-24T10:26:39 INFO service-3 request-id=1599 status=ok
2026-08-24T10:26:40 INFO service-4 request-id=1600 status=ok
2026-08-24T10:26:41 INFO service-5 request-id=1601 status=ok
2026-08-24T10:26:42 ERROR service-6 request-id=1602 status=failed
2026-08-24T10:26:43 WARN service-0 request-id=1603 status=ok
2026-08-24T10:26:44 DEBUG service-1 request-id=1604 status=ok
2026-08-24T10:26:45 INFO service-2 request-id=1605 status=ok
2026-08-24T10:26:46 DEBUG service-3 request-id=1606 status=ok
2026-08-24T10:26:47 ERROR service-4 request-id=1607 status=failed
2026-08-24T10:26:48 ERROR service-5 request-id=1608 status=failed
2026-08-24T10:26:49 DEBUG service-6 request-id=1609 status=ok
2026-08-24T10:26:50 WARN service-0 request-id=1610 status=ok
2026-08-24T10:26:51 DEBUG service-1 request-id=1611 status=ok
2026-08-24T10:26:52 ERROR service-2 request-id=1612 status=failed
2026-08-24T10:26:53 DEBUG service-3 request-id=1613 status=ok
2026-08-24T10:26:54 INFO service-4 request-id=1614 status=ok
2026-08-24T10:26:55 INFO service-5 request-id=1615 status=ok
2026-08-24T10:26:56 WARN service-6 request-id=1616 status=ok
2026-08-24T10:26:57 DEBUG service-0 request-id=1617 status=ok
2026-08-24T10:26:58 DEBUG service-1 request-id=1618 status=ok
2026-08-24T10:26:59 DEBUG service-2 request-id=1619 status=ok
2026-08-24T10:27:00 DEBUG service-3 request-id=1620 status=ok
2026-08-24T10:27:01 WARN service-4 request-id=1621 status=ok
2026-08-24T10:27:02 ERROR service-5 request-id=1622 status=failed
2026-08-24T10:27:03 WARN service-6 request-id=1623 status=ok
2026-08-24T10:27:04 ERROR service-0 request-id=1624 status=failed
2026-08-24T10:27:05 ERROR service-1 request-id=1625 status=failed
2026-08-24T10:27:06 ERROR service-2 request-id=1626 status=failed
2026-08-24T10:27:07 DEBUG service-3 request-id=1627 status=ok
2026-08-24T10:27:08 WARN service-4 request-id=1628 status=ok
2026-08-24T10:27:09 ERROR service-5 request-id=1629 status=failed
2026-08-24T10:27:10 INFO service-6 request-id=1630 status=ok
2026-08-24T10:27:11 ERROR service-0 request-id=1631 status=failed
2026-08-24T10:27:12 WARN service-1 request-id=1632 status=ok
2026-08-24T10:27:13 DEBUG service-2 request-id=1633 status=ok
2026-08-24T10:27:14 INFO service-3 request-id=1634 status=ok
2026-08-24T10:27:15 ERROR service-4 request-id=1635 status=failed
2026-08-24T10:27:16 DEBUG service-5 request-id=1636 status=ok
2026-08-24T10:27:17 WARN service-6 request-id=1637 status=ok
2026-08-24T10:27:18 WARN service-0 request-id=1638 status=ok
2026-08-24T10:27:19 INFO service-1 request-id=1639 status=ok
2026-08-24T10:27:20 INFO service-2 request-id=1640 status=ok
2026-08-24T10:27:21 ERROR service-3 request-id=1641 status=failed
2026-08-24T10:27:22 DEBUG service-4 request-id=1642 status=ok
2026-08-24T10:27:23 DEBUG service-5 request-id=1643 status=ok
2026-08-24T10:27:24 WARN service-6 request-id=1644 status=ok
2026-08-24T10:27:25 WARN service-0 request-id=1645 status=ok
2026-08-24T10:27:26 ERROR service-1 request-id=1646 status=failed
2026-08-24T10:27:27 ERROR service-2 request-id=1647 status=failed
2026-08-24T10:27:28 WARN service-3 request-id=1648 status=ok
2026-08-24T10:27:29 WARN service-4 request-id=1649 status=ok
2026-08-24T10:27:30 DEBUG service-5 request-id=1650 status=ok
2026-08-24T10:27:31 DEBUG service-6 request-id=1651 status=ok
2026-08-24T10:27:32 DEBUG service-0 request-id=1652 status=ok
2026-08-24T10:27:33 ERROR service-1 request-id=1653 status=failed
2026-08-24T10:27:34 DEBUG service-2 request-id=1654 status=ok
2026-08-24T10:27:35 INFO service-3 request-id=1655 status=ok
2026-08-24T10:27:36 INFO service-4 request-id=1656 status=ok
2026-08-24T10:27:37 DEBUG service-5 request-id=1657 status=ok
2026-08-24T10:27:38 DEBUG service-6 request-id=1658 status=ok
2026-08-24T10:27:39 WARN service-0 request-id=1659 status=ok
2026-08-24T10:27:40 WARN service-1 request-id=1660 status=ok
2026-08-24T10:27:41 ERROR service-2 request-id=1661 status=failed
2026-08-24T10:27:42 INFO service-3 request-id=1662 status=ok
2026-08-24T10:27:43 INFO service-4 request-id=1663 status=ok
2026-08-24T10:27:44 ERROR service-5 request-id=1664 status=failed
2026-08-24T10:27:45 DEBUG service-6 request-id=1665 status=ok
2026-08-24T10:27:46 DEBUG service-0 request-id=1666 status=ok
2026-08-24T10:27:47 ERROR service-1 request-id=1667 status=failed
2026-08-24T10:27:48 INFO service-2 request-id=1668 status=ok
2026-08-24T10:27:49 INFO service-3 request-id=1669 status=ok
2026-08-24T10:27:50 DEBUG service-4 request-id=1670 status=ok
2026-08-24T10:27:51 WARN service-5 request-id=1671 status=ok
2026-08-24T10:27:52 ERROR service-6 request-id=1672 status=failed
2026-08-24T10:27:53 ERROR service-0 request-id=1673 status=failed
2026-08-24T10:27:54 DEBUG service-1 request-id=1674 status=ok
2026-08-24T10:27:55 ERROR service-2 request-id=1675 status=failed
2026-08-24T10:27:56 INFO service-3 request-id=1676 status=ok
2026-08-24T10:27:57 DEBUG service-4 request-id=1677 status=ok
2026-08-24T10:27:58 INFO service-5 request-id=1678 status=ok
2026-08-24T10:27:59 WARN service-6 request-id=1679 status=ok
2026-08-24T10:28:00 ERROR service-0 request-id=1680 status=failed
2026-08-24T10:28:01 ERROR service-1 request-id=1681 status=failed
2026-08-24T10:28:02 INFO service-2 request-id=1682 status=ok
2026-08-24T10:28:03 DEBUG service-3 request-id=1683 status=ok
2026-08-24T10:28:04 DEBUG service-4 request-id=1684 status=ok
2026-08-24T10:28:05 ERROR service-5 request-id=1685 status=failed
2026-08-24T10:28:06 INFO service-6 request-id=1686 status=ok
2026-08-24T10:28:07 WARN service-0 request-id=1687 status=ok
2026-08-24T10:28:08 INFO service-1 request-id=1688 status=ok
2026-08-24T10:28:09 DEBUG service-2 request-id=1689 status=ok
2026-08-24T10:28:10 ERROR service-3 request-id=1690 status=failed
2026-08-24T10:28:11 ERROR service-4 request-id=1691 status=failed
2026-08-24T10:28:12 ERROR service-5 request-id=1692 status=failed
2026-08-24T10:28:13 WARN service-6 request-id=1693 status=ok
2026-08-24T10:28:14 WARN service-0 request-id=1694 status=ok
2026-08-24T10:28:15 DEBUG service-1 request-id=1695 status=ok
2026-08-24T10:28:16 INFO service-2 request-id=1696 status=ok
2026-08-24T10:28:17 INFO service-3 request-id=1697 status=ok
2026-08-24T10:28:18 INFO service-4 request-id=1698 status=ok
2026-08-24T10:28:19 WARN service-5 request-id=1699 status=ok
2026-08-24T10:28:20 ERROR service-6 request-id=1700 status=failed
2026-08-24T10:28:21 DEBUG service-0 request-id=1701 status=ok
2026-08-24T10:28:22 DEBUG service-1 request-id=1702 status=ok
2026-08-24T10:28:23 WARN service-2 request-id=1703 status=ok
2026-08-24T10:28:24 WARN service-3 request-id=1704 status=ok
2026-08-24T10:28:25 ERROR service-4 request-id=1705 status=failed
2026-08-24T10:28:26 ERROR service-5 request-id=1706 status=failed
2026-08-24T10:28:27 WARN service-6 request-id=1707 status=ok
2026-08-24T10:28:28 DEBUG service-0 request-id=1708 status=ok
2026-08-24T10:28:29 ERROR service-1 request-id=1709 status=failed
2026-08-24T10:28:30 ERROR service-2 request-id=1710 status=failed
2026-08-24T10:28:31 DEBUG service-3 request-id=1711 status=ok
2026-08-24T10:28:32 ERROR service-4 request-id=1712 status=failed
2026-08-24T10:28:33 DEBUG service-5 request-id=1713 status=ok
2026-08-24T10:28:34 INFO service-6 request-id=1714 status=ok
2026-08-24T10:28:35 ERROR service-0 request-id=1715 status=failed
2026-08-24T10:28:36 ERROR service-1 request-id=1716 status=failed
2026-08-24T10:28:37 INFO service-2 request-id=1717 status=ok
2026-08-24T10:28:38 DEBUG service-3 request-id=1718 status=ok
2026-08-24T10:28:39 ERROR service-4 request-id=1719 status=failed
2026-08-24T10:28:40 INFO service-5 request-id=1720 status=ok
2026-08-24T10:28:41 DEBUG service-6 request-id=1721 status=ok
2026-08-24T10:28:42 ERROR service-0 request-id=1722 status=failed
2026-08-24T10:28:43 WARN service-1 request-id=1723 status=ok
2026-08-24T10:28:44 INFO service-2 request-id=1724 status=ok
2026-08-24T10:28:45 DEBUG service-3 request-id=1725 status=ok
2026-08-24T10:28:46 WARN service-4 request-id=1726 status=ok
2026-08-24T10:28:47 DEBUG service-5 request-id=1727 status=ok
2026-08-24T10:28:48 WARN service-6 request-id=1728 status=ok
2026-08-24T10:28:49 WARN service-0 request-id=1729 status=ok
2026-08-24T10:28:50 INFO service-1 request-id=1730 status=ok
2026-08-24T10:28:51 INFO service-2 request-id=1731 status=ok
2026-08-24T10:28:52 WARN service-3 request-id=1732 status=ok
2026-08-24T10:28:53 INFO service-4 request-id=1733 status=ok
2026-08-24T10:28:54 DEBUG service-5 request-id=1734 status=ok
2026-08-24T10:28:55 ERROR service-6 request-id=1735 status=failed
2026-08-24T10:28:56 DEBUG service-0 request-id=1736 status=ok
2026-08-24T10:28:57 WARN service-1 request-id=1737 status=ok
2026-08-24T10:28:58 DEBUG service-2 request-id=1738 status=ok
2026-08-24T10:28:59 WARN service-3 request-id=1739 status=ok
2026-08-24T10:29:00 DEBUG service-4 request-id=1740 status=ok
2026-08-24T10:29:01 DEBUG service-5 request-id=1741 status=ok
2026-08-24T10:29:02 INFO service-6 request-id=1742 status=ok
2026-08-24T10:29:03 WARN service-0 request-id=1743 status=ok
2026-08-24T10:29:04 WARN service-1 request-id=1744 status=ok
2026-08-24T10:29:05 ERROR service-2 request-id=1745 status=failed
2026-08-24T10:29:06 DEBUG service-3 request-id=1746 status=ok
2026-08-24T10:29:07 DEBUG service-4 request-id=1747 status=ok
2026-08-24T10:29:08 ERROR service-5 request-id=1748 status=failed
2026-08-24T10:29:09 WARN service-6 request-id=1749 status=ok
2026-08-24T10:29:10 DEBUG service-0 request-id=1750 status=ok
2026-08-24T10:29:11 ERROR service-1 request-id=1751 status=failed
2026-08-24T10:29:12 ERROR service-2 request-id=1752 status=failed
2026-08-24T10:29:13 ERROR service-3 request-id=1753 status=failed
2026-08-24T10:29:14 DEBUG service-4 request-id=1754 status=ok
2026-08-24T10:29:15 WARN service-5 request-id=1755 status=ok
2026-08-24T10:29:16 WARN service-6 request-id=1756 status=ok
2026-08-24T10:29:17 ERROR service-0 request-id=1757 status=failed
2026-08-24T10:29:18 ERROR service-1 request-id=1758 status=failed
2026-08-24T10:29:19 WARN service-2 request-id=1759 status=ok
2026-08-24T10:29:20 ERROR service-3 request-id=1760 status=failed
2026-08-24T10:29:21 ERROR service-4 request-id=1761 status=failed
2026-08-24T10:29:22 WARN service-5 request-id=1762 status=ok
2026-08-24T10:29:23 DEBUG service-6 request-id=1763 status=ok
2026-08-24T10:29:24 ERROR service-0 request-id=1764 status=failed
2026-08-24T10:29:25 DEBUG service-1 request-id=1765 status=ok
2026-08-24T10:29:26 ERROR service-2 request-id=1766 status=failed
2026-08-24T10:29:27 ERROR service-3 request-id=1767 status=failed
2026-08-24T10:29:28 ERROR service-4 request-id=1768 status=failed
2026-08-24T10:29:29 INFO service-5 request-id=1769 status=ok
2026-08-24T10:29:30 DEBUG service-6 request-id=1770 status=ok
2026-08-24T10:29:31 DEBUG service-0 request-id=1771 status=ok
2026-08-24T10:29:32 ERROR service-1 request-id=1772 status=failed
2026-08-24T10:29:33 WARN service-2 request-id=1773 status=ok
2026-08-24T10:29:34 ERROR service-3 request-id=1774 status=failed
2026-08-24T10:29:35 INFO service-4 request-id=1775 status=ok
2026-08-24T10:29:36 ERROR service-5 request-id=1776 status=failed
2026-08-24T10:29:37 INFO service-6 request-id=1777 status=ok
2026-08-24T10:29:38 ERROR service-0 request-id=1778 status=failed
2026-08-24T10:29:39 DEBUG service-1 request-id=1779 status=ok
2026-08-24T10:29:40 ERROR service-2 request-id=1780 status=failed
2026-08-24T10:29:41 DEBUG service-3 request-id=1781 status=ok
2026-08-24T10:29:42 WARN service-4 request-id=1782 status=ok
2026-08-24T10:29:43 WARN service-5 request-id=1783 status=ok
2026-08-24T10:29:44 ERROR service-6 request-id=1784 status=failed
2026-08-24T10:29:45 ERROR service-0 request-id=1785 status=failed
2026-08-24T10:29:46 WARN service-1 request-id=1786 status=ok
2026-08-24T10:29:47 INFO service-2 request-id=1787 status=ok
2026-08-24T10:29:48 WARN service-3 request-id=1788 status=ok
2026-08-24T10:29:49 WARN service-4 request-id=1789 status=ok
2026-08-24T10:29:50 INFO service-5 request-id=1790 status=ok
2026-08-24T10:29:51 WARN service-6 request-id=1791 status=ok
2026-08-24T10:29:52 WARN service-0 request-id=1792 status=ok
2026-08-24T10:29:53 INFO service-1 request-id=1793 status=ok
2026-08-24T10:29:54 INFO service-2 request-id=1794 status=ok
2026-08-24T10:29:55 DEBUG service-3 request-id=1795 status=ok
2026-08-24T10:29:56 ERROR service-4 request-id=1796 status=failed
2026-08-24T10:29:57 DEBUG service-5 request-id=1797 status=ok
2026-08-24T10:29:58 INFO service-6 request-id=1798 status=ok
2026-08-24T10:29:59 WARN service-0 request-id=1799 status=ok
2026-08-24T10:30:00 INFO service-1 request-id=1800 status=ok
2026-08-24T10:30:01 WARN service-2 request-id=1801 status=ok
2026-08-24T10:30:02 DEBUG service-3 request-id=1802 status=ok
2026-08-24T10:30:03 DEBUG service-4 request-id=1803 status=ok
2026-08-24T10:30:04 DEBUG service-5 request-id=1804 status=ok
2026-08-24T10:30:05 WARN service-6 request-id=1805 status=ok
2026-08-24T10:30:06 ERROR service-0 request-id=1806 status=failed
2026-08-24T10:30:07 ERROR service-1 request-id=1807 status=failed
2026-08-24T10:30:08 ERROR service-2 request-id=1808 status=failed
2026-08-24T10:30:09 INFO service-3 request-id=1809 status=ok
2026-08-24T10:30:10 INFO service-4 request-id=1810 status=ok
2026-08-24T10:30:11 WARN service-5 request-id=1811 status=ok
2026-08-24T10:30:12 INFO service-6 request-id=1812 status=ok
2026-08-24T10:30:13 WARN service-0 request-id=1813 status=ok
2026-08-24T10:30:14 DEBUG service-1 request-id=1814 status=ok
2026-08-24T10:30:15 WARN service-2 request-id=1815 status=ok
2026-08-24T10:30:16 INFO service-3 request-id=1816 status=ok
2026-08-24T10:30:17 DEBUG service-4 request-id=1817 status=ok
2026-08-24T10:30:18 DEBUG service-5 request-id=1818 status=ok
2026-08-24T10:30:19 WARN service-6 request-id=1819 status=ok
2026-08-24T10:30:20 ERROR service-0 request-id=1820 status=failed
2026-08-24T10:30:21 INFO service-1 request-id=1821 status=ok
2026-08-24T10:30:22 INFO service-2 request-id=1822 status=ok
2026-08-24T10:30:23 ERROR service-3 request-id=1823 status=failed
2026-08-24T10:30:24 INFO service-4 request-id=1824 status=ok
2026-08-24T10:30:25 ERROR service-5 request-id=1825 status=failed
2026-08-24T10:30:26 ERROR service-6 request-id=1826 status=failed
2026-08-24T10:30:27 DEBUG service-0 request-id=1827 status=ok
2026-08-24T10:30:28 DEBUG service-1 request-id=1828 status=ok
2026-08-24T10:30:29 WARN service-2 request-id=1829 status=ok
2026-08-24T10:30:30 DEBUG service-3 request-id=1830 status=ok
2026-08-24T10:30:31 ERROR service-4 request-id=1831 status=failed
2026-08-24T10:30:32 WARN service-5 request-id=1832 status=ok
2026-08-24T10:30:33 INFO service-6 request-id=1833 status=ok
2026-08-24T10:30:34 ERROR service-0 request-id=1834 status=failed
2026-08-24T10:30:35 WARN service-1 request-id=1835 status=ok
2026-08-24T10:30:36 DEBUG service-2 request-id=1836 status=ok
2026-08-24T10:30:37 ERROR service-3 request-id=1837 status=failed
2026-08-24T10:30:38 WARN service-4 request-id=1838 status=ok
2026-08-24T10:30:39 INFO service-5 request-id=1839 status=ok
2026-08-24T10:30:40 ERROR service-6 request-id=1840 status=failed
2026-08-24T10:30:41 ERROR service-0 request-id=1841 status=failed
2026-08-24T10:30:42 WARN service-1 request-id=1842 status=ok
2026-08-24T10:30:43 WARN service-2 request-id=1843 status=ok
2026-08-24T10:30:44 DEBUG service-3 request-id=1844 status=ok
2026-08-24T10:30:45 DEBUG service-4 request-id=1845 status=ok
2026-08-24T10:30:46 ERROR service-5 request-id=1846 status=failed
2026-08-24T10:30:47 INFO service-6 request-id=1847 status=ok
2026-08-24T10:30:48 DEBUG service-0 request-id=1848 status=ok
2026-08-24T10:30:49 INFO service-1 request-id=1849 status=ok
2026-08-24T10:30:50 WARN service-2 request-id=1850 status=ok
2026-08-24T10:30:51 WARN service-3 request-id=1851 status=ok
2026-08-24T10:30:52 DEBUG service-4 request-id=1852 status=ok
2026-08-24T10:30:53 ERROR service-5 request-id=1853 status=failed
2026-08-24T10:30:54 WARN service-6 request-id=1854 status=ok
2026-08-24T10:30:55 INFO service-0 request-id=1855 status=ok
2026-08-24T10:30:56 ERROR service-1 request-id=1856 status=failed
2026-08-24T10:30:57 DEBUG service-2 request-id=1857 status=ok
2026-08-24T10:30:58 WARN service-3 request-id=1858 status=ok
2026-08-24T10:30:59 DEBUG service-4 request-id=1859 status=ok
2026-08-24T10:31:00 ERROR service-5 request-id=1860 status=failed
2026-08-24T10:31:01 ERROR service-6 request-id=1861 status=failed
2026-08-24T10:31:02 ERROR service-0 request-id=1862 status=failed
2026-08-24T10:31:03 INFO service-1 request-id=1863 status=ok
2026-08-24T10:31:04 ERROR service-2 request-id=1864 status=failed
2026-08-24T10:31:05 ERROR service-3 request-id=1865 status=failed
2026-08-24T10:31:06 WARN service-4 request-id=1866 status=ok
2026-08-24T10:31:07 INFO service-5 request-id=1867 status=ok
2026-08-24T10:31:08 INFO service-6 request-id=1868 status=ok
2026-08-24T10:31:09 DEBUG service-0 request-id=1869 status=ok
2026-08-24T10:31:10 ERROR service-1 request-id=1870 status=failed
2026-08-24T10:31:11 WARN service-2 request-id=1871 status=ok
2026-08-24T10:31:12 DEBUG service-3 request-id=1872 status=ok
2026-08-24T10:31:13 ERROR service-4 request-id=1873 status=failed
2026-08-24T10:31:14 INFO service-5 request-id=1874 status=ok
2026-08-24T10:31:15 ERROR service-6 request-id=1875 status=failed
2026-08-24T10:31:16 ERROR service-0 request-id=1876 status=failed
2026-08-24T10:31:17 WARN service-1 request-id=1877 status=ok
2026-08-24T10:31:18 WARN service-2 request-id=1878 status=ok
2026-08-24T10:31:19 WARN service-3 request-id=1879 status=ok
2026-08-24T10:31:20 DEBUG service-4 request-id=1880 status=ok
2026-08-24T10:31:21 WARN service-5 request-id=1881 status=ok
2026-08-24T10:31:22 DEBUG service-6 request-id=1882 status=ok
2026-08-24T10:31:23 ERROR service-0 request-id=1883 status=failed
2026-08-24T10:31:24 DEBUG service-1 request-id=1884 status=ok
2026-08-24T10:31:25 DEBUG service-2 request-id=1885 status=ok
2026-08-24T10:31:26 WARN service-3 request-id=1886 status=ok
2026-08-24T10:31:27 WARN service-4 request-id=1887 status=ok
2026-08-24T10:31:28 INFO service-5 request-id=1888 status=ok
2026-08-24T10:31:29 DEBUG service-6 request-id=1889 status=ok
2026-08-24T10:31:30 ERROR service-0 request-id=1890 status=failed
2026-08-24T10:31:31 INFO service-1 request-id=1891 status=ok
2026-08-24T10:31:32 INFO service-2 request-id=1892 status=ok
2026-08-24T10:31:33 INFO service-3 request-id=1893 status=ok
2026-08-24T10:31:34 WARN service-4 request-id=1894 status=ok
2026-08-24T10:31:35 WARN service-5 request-id=1895 status=ok
2026-08-24T10:31:36 WARN service-6 request-id=1896 status=ok
2026-08-24T10:31:37 ERROR service-0 request-id=1897 status=failed
2026-08-24T10:31:38 DEBUG service-1 request-id=1898 status=ok
2026-08-24T10:31:39 INFO service-2 request-id=1899 status=ok
2026-08-24T10:31:40 WARN service-3 request-id=1900 status=ok
2026-08-24T10:31:41 DEBUG service-4 request-id=1901 status=ok
2026-08-24T10:31:42 INFO service-5 request-id=1902 status=ok
2026-08-24T10:31:43 DEBUG service-6 request-id=1903 status=ok
2026-08-24T10:31:44 INFO service-0 request-id=1904 status=ok
2026-08-24T10:31:45 DEBUG service-1 request-id=1905 status=ok
2026-08-24T10:31:46 WARN service-2 request-id=1906 status=ok
2026-08-24T10:31:47 DEBUG service-3 request-id=1907 status=ok
2026-08-24T10:31:48 DEBUG service-4 request-id=1908 status=ok
2026-08-24T10:31:49 INFO service-5 request-id=1909 status=ok
2026-08-24T10:31:50 DEBUG service-6 request-id=1910 status=ok
2026-08-24T10:31:51 ERROR service-0 request-id=1911 status=failed
2026-08-24T10:31:52 INFO service-1 request-id=1912 status=ok
2026-08-24T10:31:53 DEBUG service-2 request-id=1913 status=ok
2026-08-24T10:31:54 ERROR service-3 request-id=1914 status=failed
2026-08-24T10:31:55 INFO service-4 request-id=1915 status=ok
2026-08-24T10:31:56 WARN service-5 request-id=1916 status=ok
2026-08-24T10:31:57 INFO service-6 request-id=1917 status=ok
2026-08-24T10:31:58 INFO service-0 request-id=1918 status=ok
2026-08-24T10:31:59 DEBUG service-1 request-id=1919 status=ok
2026-08-24T10:32:00 ERROR service-2 request-id=1920 status=failed
2026-08-24T10:32:01 INFO service-3 request-id=1921 status=ok
2026-08-24T10:32:02 INFO service-4 request-id=1922 status=ok
2026-08-24T10:32:03 INFO service-5 request-id=1923 status=ok
2026-08-24T10:32:04 DEBUG service-6 request-id=1924 status=ok
2026-08-24T10:32:05 INFO service-0 request-id=1925 status=ok
2026-08-24T10:32:06 ERROR service-1 request-id=1926 status=failed
2026-08-24T10:32:07 DEBUG service-2 request-id=1927 status=ok
2026-08-24T10:32:08 WARN service-3 request-id=1928 status=ok
2026-08-24T10:32:09 WARN service-4 request-id=1929 status=ok
2026-08-24T10:32:10 DEBUG service-5 request-id=1930 status=ok
2026-08-24T10:32:11 ERROR service-6 request-id=1931 status=failed
2026-08-24T10:32:12 DEBUG service-0 request-id=1932 status=ok
2026-08-24T10:32:13 DEBUG service-1 request-id=1933 status=ok
2026-08-24T10:32:14 DEBUG service-2 request-id=1934 status=ok
2026-08-24T10:32:15 DEBUG service-3 request-id=1935 status=ok
2026-08-24T10:32:16 INFO service-4 request-id=1936 status=ok
2026-08-24T10:32:17 WARN service-5 request-id=1937 status=ok
2026-08-24T10:32:18 ERROR service-6 request-id=1938 status=failed
2026-08-24T10:32:19 INFO service-0 request-id=1939 status=ok
2026-08-24T10:32:20 WARN service-1 request-id=1940 status=ok
2026-08-24T10:32:21 DEBUG service-2 request-id=1941 status=ok
2026-08-24T10:32:22 WARN service-3 request-id=1942 status=ok
2026-08-24T10:32:23 WARN service-4 request-id=1943 status=ok
2026-08-24T10:32:24 INFO service-5 request-id=1944 status=ok
2026-08-24T10:32:25 INFO service-6 request-id=1945 status=ok
2026-08-24T10:32:26 ERROR service-0 request-id=1946 status=failed
2026-08-24T10:32:27 DEBUG service-1 request-id=1947 status=ok
2026-08-24T10:32:28 DEBUG service-2 request-id=1948 status=ok
2026-08-24T10:32:29 DEBUG service-3 request-id=1949 status=ok
2026-08-24T10:32:30 WARN service-4 request-id=1950 status=ok
2026-08-24T10:32:31 WARN service-5 request-id=1951 status=ok
2026-08-24T10:32:32 DEBUG service-6 request-id=1952 status=ok
2026-08-24T10:32:33 ERROR service-0 request-id=1953 status=failed
2026-08-24T10:32:34 WARN service-1 request-id=1954 status=ok
2026-08-24T10:32:35 ERROR service-2 request-id=1955 status=failed
2026-08-24T10:32:36 WARN service-3 request-id=1956 status=ok
2026-08-24T10:32:37 INFO service-4 request-id=1957 status=ok
2026-08-24T10:32:38 INFO service-5 request-id=1958 status=ok
2026-08-24T10:32:39 DEBUG service-6 request-id=1959 status=ok
2026-08-24T10:32:40 INFO service-0 request-id=1960 status=ok
2026-08-24T10:32:41 WARN service-1 request-id=1961 status=ok
2026-08-24T10:32:42 WARN service-2 request-id=1962 status=ok
2026-08-24T10:32:43 INFO service-3 request-id=1963 status=ok
2026-08-24T10:32:44 INFO service-4 request-id=1964 status=ok
2026-08-24T10:32:45 INFO service-5 request-id=1965 status=ok
2026-08-24T10:32:46 DEBUG service-6 request-id=1966 status=ok
2026-08-24T10:32:47 INFO service-0 request-id=1967 status=ok
2026-08-24T10:32:48 WARN service-1 request-id=1968 status=ok
2026-08-24T10:32:49 INFO service-2 request-id=1969 status=ok
2026-08-24T10:32:50 DEBUG service-3 request-id=1970 status=ok
2026-08-24T10:32:51 DEBUG service-4 request-id=1971 status=ok
2026-08-24T10:32:52 WARN service-5 request-id=1972 status=ok
2026-08-24T10:32:53 WARN service-6 request-id=1973 status=ok
2026-08-24T10:32:54 INFO service-0 request-id=1974 status=ok
2026-08-24T10:32:55 WARN service-1 request-id=1975 status=ok
2026-08-24T10:32:56 ERROR service-2 request-id=1976 status=failed
2026-08-24T10:32:57 WARN service-3 request-id=1977 status=ok
2026-08-24T10:32:58 ERROR service-4 request-id=1978 status=failed
2026-08-24T10:32:59 ERROR service-5 request-id=1979 status=failed
2026-08-24T10:33:00 WARN service-6 request-id=1980 status=ok
2026-08-24T10:33:01 ERROR service-0 request-id=1981 status=failed
2026-08-24T10:33:02 WARN service-1 request-id=1982 status=ok
2026-08-24T10:33:03 WARN service-2 request-id=1983 status=ok
2026-08-24T10:33:04 DEBUG service-3 request-id=1984 status=ok
2026-08-24T10:33:05 ERROR service-4 request-id=1985 status=failed
2026-08-24T10:33:06 ERROR service-5 request-id=1986 status=failed
2026-08-24T10:33:07 INFO service-6 request-id=1987 status=ok
2026-08-24T10:33:08 WARN service-0 request-id=1988 status=ok
2026-08-24T10:33:09 DEBUG service-1 request-id=1989 status=ok
2026-08-24T10:33:10 DEBUG service-2 request-id=1990 status=ok
2026-08-24T10:33:11 INFO service-3 request-id=1991 status=ok
2026-08-24T10:33:12 ERROR service-4 request-id=1992 status=failed
2026-08-24T10:33:13 DEBUG service-5 request-id=1993 status=ok
2026-08-24T10:33:14 ERROR service-6 request-id=1994 status=failed
2026-08-24T10:33:15 DEBUG service-0 request-id=1995 status=ok
2026-08-24T10:33:16 DEBUG service-1 request-id=1996 status=ok
2026-08-24T10:33:17 WARN service-2 request-id=1997 status=ok
2026-08-24T10:33:18 ERROR service-3 request-id=1998 status=failed
2026-08-24T10:33:19 DEBUG service-4 request-id=1999 status=ok
